,date,id,content,likes,retweets,disc_cat
0,2023-02-27 13:32:47+00:00,1.6302E+18,I recieved at least five call from this Mearry bitch,0,0,gender
1,2023-02-27 13:32:46+00:00,1.6302E+18,@CasuallyGreg Went from fun alcoholic to raging bitch?  ğŸ˜‚,0,0,gender
0,2023-02-27 13:32:41+00:00,1.6302E+18,@likeapsychooooo one day the devil will come knocking at ur door and when u open it u will see me,0,0,gender
1,2023-02-27 13:32:25+00:00,1.6302E+18,"@annedro1d this episode!!!! one of my favorites!!

also ofc Koito looks like a whore even though chibi figures should look adorable",0,0,gender
0,2023-02-27 13:32:46+00:00,1.6302E+18,@johnslxvr im getting an urge to make a new jeans pun https://t.co/HSetkPo2dy,0,0,gender
1,2023-02-27 13:32:21+00:00,1.6302E+18,"breeding bunny sluts over and over again

 cute twitching cumdumpâ™¡",0,0,gender
0,2023-02-27 13:31:00+00:00,1.6302E+18,"AANot the dark companion of Sirius, brightest of all stars 06 #åŒ—äº¬ #ä¸Šæµ· #æ·±åœ³         https://t.co/sQdmDO9UaA",0,0,sex
1,2023-02-27 13:30:48+00:00,1.6302E+18,I think this cunt genuinely believes heâ€™s a winner,0,0,sex
0,2023-02-27 13:31:21+00:00,1.6302E+18,@AndGad2010 @robertorodi76 eh ma ne ho letti purtroppo,0,0,sex
1,2023-02-27 13:31:19+00:00,1.6302E+18,"ã‚ˆã—ã‚ƒğŸ’ª
å‹‰å¼·çµ‚äº†âœ¨
æ˜æ—¥ã‹ã‚‰å®¿é¡Œã‚¤ãƒ©ã‚¹ãƒˆé ‘å¼µã‚‹ãğŸ’ªğŸ’ª",0,0,sex
0,2023-02-27 13:22:57+00:00,1.6302E+18,@kateberger709 @Stefild @ClownWorld_ Another guy we had was 840lbsâ€¦we had to make a make shift wench system to get him out. A firefighter ended up having to have knee surgery because of him. One day we went on him for difficulty breathing and we couldnâ€™t do anything because he was actually stuck In his room.,0,0,sex
1,2023-02-27 13:17:51+00:00,1.6302E+18,soyeon that wench,0,0,sex
0,2023-02-27 13:29:55+00:00,1.6302E+18,Sugiura,1,1,gender
1,2023-02-27 13:28:35+00:00,1.6302E+18,"@Bosswah22 @Susan16Park What? Iâ€™m in Australia, and we reckon sheâ€™s a skank, and lâ€™m pretty sure most other countries are of then same opinion.",0,0,gender
0,2023-02-27 13:31:15+00:00,1.6302E+18,@yakionigiri_734 ã©ã£ã‹ã‚‰è¦‹ã¤ã‘ã¦ãã‚‹ã®,0,0,sex
1,2023-02-27 13:31:09+00:00,1.6302E+18,"... K61 
 à²¨à²¾à²µà³ à²à²²à³à²²à²°à²¿à²‚à²¦ à²“à²¡à²¿à²¹à³‹à²—à³à²¤à³à²¤à³‡à²¨à³† à²®à²¤à³à²¤à³ à²¯à²¾à²°à³Šà²‚à²¦à²¿à²—à³‚

â†’Ù±Û’Ù‡Û’Ø±Ø¨Ù Ù±Û’Ù‡Ù€Ø±Ø¨Ù 

â†’Ù†Ù…Ø´Û’ â†’      â†’Ø³Û’ÙÛ’     

â˜­Ù±ÙˆÙ†Ù±Ø³â˜­ Ù±Ù†Ù±Ø³

 â˜­ÙØ¤ØºØ§â˜­ÙØ¤Ù‚Ø§â˜­ÙƒÙ„Ø¤Ø³Û’Øªâ˜­   -â†’        â†’Ù†ÙˆÙ†

 ğ†‘â‚œâ‚áµ£â‚œ, Y â‚‘ áµ¢ áµ¢ğ†‘ áµ¢ â‚œâ‚‘â‚—â‚— â‚œâ‚•ğ†‘RFW Yâ‚’áµ¤ â‚‘ gwzâ‚œáµ£áµ¤â‚›â‚’â‚œâ‚‘â‚—â‚— https://t.co/HAQWl3v40p",0,0,sex
0,2023-02-27 13:12:29+00:00,1.63019E+18,... but you're off snoozing with another floozy in another state.,1,1,sex
1,2023-02-27 11:55:08+00:00,1.63017E+18,"@BryanCrabtree17 @IVAND221 Boys in short trousers. Even in the winter, the boys in primary school always had blue mottled legs. Always wearing a cap and a gaberdine mac.",0,0,sex
0,2023-02-27 13:32:40+00:00,1.6302E+18,@HumveeKhan2 Prostitutes don't care about modesty.,0,0,gender
1,2023-02-27 13:32:28+00:00,1.6302E+18,"@its_the_Dr Donâ€™t underestimate the knowledge of the earth &amp; the old ways

Or you will end up a self harming prostitute funding a jenkem habit",0,0,gender
0,2023-02-27 13:25:10+00:00,1.6302E+18,Rt call girl à¸›à¸£à¸°à¸ˆà¸³#à¸¢à¸·à¸¡à¹€à¸¡à¸ˆforsex,0,0,sex
1,2023-02-27 13:16:10+00:00,1.6302E+18,@Alka79668584 Are you a call girl?,0,0,sex
0,2023-02-27 12:57:37+00:00,1.63019E+18,#Podenco #andaluz #dog #streetwalker https://t.co/owT2ZmtmJ3,7,0,sex
1,2023-02-27 10:10:36+00:00,1.63015E+18,"Nichts Neues 

#streetphotography #streetwalker #photographers https://t.co/5juM88uLQT",0,0,sex
0,2023-02-27 13:31:26+00:00,1.6302E+18,Kartal Maltepe KadÄ±kÃ¶y ÃœskÃ¼dar Sultanbeyli Ãœmraniye  ekebilme dÃ¼gÃ¢h dudak Ã§ukuru durup dinlenmeden https://t.co/OFLIGMGJBt,18,18,sex
1,2023-02-27 13:31:26+00:00,1.6302E+18,dudak benzeÅŸmesi konya hareketsiz oturuyordu. hakkari bekliyorum Ã§ankÄ±rÄ± kÃ¼tahya https://t.co/NvMopSnpkT,8,8,sex
0,2023-02-27 13:32:45+00:00,1.6302E+18,"Hereâ€™s how I rate the NFL Draft QBs this yearâ€¦

Tier 1: Bryce Young, CJ Stroud

Tier 2: Hendon Hooker

Tier 3: Every other QB ğŸ˜‚",0,0,gender
1,2023-02-27 13:32:21+00:00,1.6302E+18,@dextrocardia_ (((HOOKER))),0,0,gender
0,2023-02-27 13:32:36+00:00,1.6302E+18,@sopbadak @kochengfs Gada dagu kayak guağŸ˜‚ğŸ˜‚ğŸ˜‚ğŸ˜‚ğŸ˜‚. izin save,0,0,gender
1,2023-02-27 13:30:48+00:00,1.6302E+18,@nagma_e_vanshie ğŸ˜‚ğŸ˜‚ğŸ˜‚,1,0,gender
0,2023-02-27 13:30:49+00:00,1.6302E+18,@Nivek_1980 @Carl_Froch @jakepaul No.  Heâ€™s a 4 time world champion. Jake Paul and his lousy wannabes should stay clear of boxing as theyâ€™re all bad at it. They slag off too many folk.  This is rightful pay back,0,0,sex
1,2023-02-27 13:29:00+00:00,1.6302E+18,"Underligt at skulle opsÃ¦tte en splittende prÃ¦mis om at multikulturelle samfund skulle vÃ¦re noget dÃ¥rligt ğŸ¤·ğŸ»â€â™‚ï¸

Det er den slags retorik, der taler borgerne herhjemme lÃ¦ngere vÃ¦k fra hinanden.

I Ã¸vrigt kender jeg ikke til Ã©t eneste samfund, som ikke er multikulturelt. #dkpol https://t.co/I3nMH0G6sL",2,1,sex
0,2023-02-27 13:32:11+00:00,1.6302E+18,"@1Freethinker4Us @Nostradonny Well, there were multiple women involved so you'd have to ignore that to reach this conclusion, so let's start over, Sarah",0,0,gender
1,2023-02-27 13:27:38+00:00,1.6302E+18,@Daily_Express Gary Glitter still headlining?;,0,0,gender
0,2023-02-27 13:31:00+00:00,1.6302E+18,Mother Harlot!,0,0,gender
1,2023-02-27 13:28:55+00:00,1.6302E+18,"Harlot salah masuk kamar ğŸ˜± 

die, @gdnVACHI ss harlot 

Saat bright masuk sarang ww, disana mereka sedang pesta makan 

die, @gdnGYEHYEON as seer 

dadah ğŸ–ğŸ»",0,0,gender
0,2023-02-27 13:31:29+00:00,1.6302E+18,"questions  ""madam to the  want'him  e second  it shortly  I felt like  #ç›—å¾®åš *ä¸“ä¸šç›—QQ  + https://t.co/mO0ynXt27O",0,0,sex
1,2023-02-27 13:31:28+00:00,1.6302E+18,@Leilayelili Ù…ÛŒØ´Ù‡ Û´ÛµÛ° Ù‡Ø²Ø§Ø±ØªÙˆÙ…Ù†ğŸ˜‚,0,0,sex
0,2023-02-27 13:20:07+00:00,1.6302E+18,@ClownWorld_ Of course this lady of the night doesnâ€™t think u should spilt the hill on a date but wants to argue gender equalityâ€¦ no one else will say it but I will. WHOREEEEE is what she is,0,0,sex
1,2023-02-27 12:33:31+00:00,1.63018E+18,The great boar Twrch Trwyth took on the disguise of the Lady of the Lake in order to spend the night with Geraint.,0,0,sex
0,2023-02-27 13:31:19+00:00,1.6302E+18,@Mistress_Ro ì•„ëª¨ì•¼ ë˜ ì†ì´ˆì„ê¹Œ,0,0,sex
1,2023-02-27 13:30:58+00:00,1.6302E+18,"So women could face the death penalty in South Carolina if they seek an abortion. But what happens if the woman is the mistress of a Republican congressman who is pushing her to get the abortion?
https://t.co/zBWuUxwYO5",0,0,sex
0,2023-02-27 13:29:56+00:00,1.6302E+18,@mika_sugarbaby Me too,0,0,sex
1,2023-02-27 13:29:32+00:00,1.6302E+18,paired with this pseudo-spiritual bullshit that implies any woman who doesn't want to engage in a sugar baby-esque dynamic with their partner is lacking feminity and destined for unhappiness with a bum.,0,0,sex
0,2023-02-27 13:31:34+00:00,1.6302E+18,@45LVNancy @GuntherEagleman @HarperLee6557 @cb6184444 @RealHickory @HappyHorseGirl1 @FascistTwatter @Notmyfault99 @ZekeGary2 @dpl_3 @Beard_Vet https://t.co/kMDdTKBfmB,0,0,sex
1,2023-02-27 13:31:32+00:00,1.6302E+18,Yaassss!,0,0,sex
0,2023-02-27 13:31:31+00:00,1.6302E+18,SHE CHECKED THE INFAMOUS FEMINIST CHICK ğŸ˜³ @whatever https://t.co/QelgqquAJe via @YouTube ğŸ”¥ğŸ”¥ğŸ”¥ğŸ”¥,0,0,sex
1,2023-02-27 13:31:31+00:00,1.6302E+18,Chick-fil-A puts CRACK in those breakfast bowls.,0,0,sex
0,2023-02-27 13:31:39+00:00,1.6302E+18,early bird,0,0,sex
1,2023-02-27 13:31:38+00:00,1.6302E+18,@Fire_Bird_O ä¿ºç™ºç‹‚ã—ã¡ã‚ƒã†,0,0,sex
0,2023-02-27 13:31:40+00:00,1.6302E+18,@wee_doll @AVFTB @BelfastGiants @fonacabbelfast @xwillyedgex,0,0,sex
1,2023-02-27 13:31:39+00:00,1.6302E+18,Spending money on a hobby could be hard to resist at present. ... More for Aquarius https://t.co/NO8MMuknVa,0,0,sex
0,2023-02-27 13:31:41+00:00,1.6302E+18,@FermThai à¹‚à¸­à¹€à¸„à¸„à¹ˆà¸² à¹€à¸”à¸µà¹‹à¸¢à¸§à¹€à¸¥à¸´à¸à¸‡à¸²à¸™à¹à¸¥à¹‰à¸§à¹€à¸£à¸²à¸—à¸±à¸DMà¹„à¸›à¸™à¸°à¸„à¸° ğŸ™‡,0,0,sex
1,2023-02-27 13:31:40+00:00,1.6302E+18,@IfyAniebo @g0libe heâ€™s married to a babe!!,0,0,sex
0,2023-02-27 13:31:42+00:00,1.6302E+18,ğŸ”¥ç§å¯†ç¤¾äº¤å¹³å° https://t.co/pZ79IHZAXv,0,0,sex
1,2023-02-27 13:31:42+00:00,1.6302E+18,"#InThatNumber 1ï¸âƒ£8ï¸âƒ£2ï¸âƒ£

@RayHunt84 &amp; @moscowmush go over the sickening game at Elland Rd and discuss RubÃ©n SellÃ©s appointment 

ğŸ—ï¸ ITN News
ğŸ‘” SellÃ©s 
âšªï¸ #Leeds defeat
âš«ï¸ up for the cup #grimsbytown 
ğŸ¦Š Foxes in town

#SaintsFC 
https://t.co/R8MGQWP0aB
https://t.co/T8jDKrPzhL https://t.co/rWZXOBKVN5",0,0,sex
0,2023-02-27 13:31:43+00:00,1.6302E+18,Win streak cutie.,0,0,sex
1,2023-02-27 13:31:43+00:00,1.6302E+18,huhu manifest po cutie,0,0,sex
0,2023-02-27 13:31:00+00:00,1.6302E+18,How can a hottie like myself get your snapchat?,0,0,sex
1,2023-02-27 13:29:28+00:00,1.6302E+18,@xoanoire https://t.co/iLstiUd2LC,0,0,sex
0,2023-02-27 13:25:33+00:00,1.6302E+18,"@yourmansnthem Sadly, not one kid in that classroom mustered the courage to open a can of ""whoop ass"" on this undisciplined, piece of sh!t. Times have certainly changed for the worse.",1,0,sex
1,2023-02-27 13:25:30+00:00,1.6302E+18,"Negative Nancyâ€™s, Debbie Downers &amp; People whoâ€™re just here to be a nasty ass piece of work will be blocked - simple as. Im here to stan my faves not to deal with internet monsters who clearly werenâ€™t hugged enough as a child. https://t.co/9X7mtZ86er",0,0,sex
0,2023-02-27 13:27:18+00:00,1.6302E+18,"@CharlotteHollo But it's OK, apparently he's a bit of eye candy and his wife is a bit of a chuckle, so his voting record can be ignored.",0,0,sex
1,2023-02-27 13:18:50+00:00,1.6302E+18,"@JNBallingOut @DecaturboyMusic @marycraddock77 @BallsackSports Thatâ€™s my point, those games are eye candy. But Jokic who scored 30+ in 27m against the Rockets is a better player than Dame because heâ€™s more efficient and will probably win MVP again. Heâ€™ll probably never touch 70 because games are long over before he has a chance.",0,0,sex
0,2023-02-27 13:26:22+00:00,1.6302E+18,@averyscaredcat seems like only yesterday when he was posting photos of himself shirtless &amp; â€œadorableâ€ sketches of Dogbert heâ€™d drawn for his 20-yr-old trophy wifeâ€”how time fliesâ€¦,0,0,sex
1,2023-02-27 13:26:02+00:00,1.6302E+18,"Namanya juga idup, kadang pengen jadi independent woman, kadang pengen jadi trophy wife, kadang juga pengen jadi sugar baby (walaupun kalo diliat dari umur keknya malah pantesnya jadi sugar mommy). PffftğŸ™„",0,0,sex
0,2023-02-27 09:39:00+00:00,1.63014E+18,i canâ€™t even be inspired by my peers without a bitch thinking iâ€™m trying to be her like girl i just liked ur makeup!!,0,0,sex
1,2023-02-27 09:34:33+00:00,1.63014E+18,keeping my theo von obsession under wraps bc he seems like someone bigoted white men would like,0,0,sex
0,2023-02-27 00:18:16+00:00,1.63E+18,iâ€™m gonna go hit the gym and become a man-whore now,0,0,sex
1,2023-02-26 18:09:49+00:00,1.62991E+18,"â€GINSBERG YOU PIECE OF SHITâ€
â€AT LEAST Iâ€™M NOT A HUSSY. MAN-WHORE. Iâ€™M NOT CUTE, Iâ€™M NOT A GOOD BOY, Iâ€™M NOT A VIRGIN-â€œ that last one was a bluff- â€I HOPE YOU ROT IN THE 7TH CIRCLE OF HELL YOU FREAK. DIE.â€",0,0,sex
0,2023-02-27 13:31:40+00:00,1.6302E+18,@RepArgNac Esa foto es del gigolo,0,0,sex
1,2023-02-27 13:30:45+00:00,1.6302E+18,This is me as a father,0,0,sex
0,2023-02-27 13:06:44+00:00,1.63019E+18,@Escortdatabase How do i go about it iam male escort,0,0,sex
1,2023-02-27 11:54:24+00:00,1.63017E+18,spent half an hour looking through male escort listings in economically deprived english towns yesterday,0,0,sex
0,2023-02-27 13:31:21+00:00,1.6302E+18,Yes sugar daddy ?,1,0,sex
1,2023-02-27 13:31:15+00:00,1.6302E+18,in need of a sugar daddy lmao,2,0,sex
0,2023-02-27 13:31:51+00:00,1.6302E+18,"They chose a Tinubu over an Osinbajo. 

That shows the true nature of the so-called structure party, a cult for evil-mongers who continue to run the entire nation into the ground. 

PS: As for PDP, Iâ€™ll get to you later.",0,0,sex
1,2023-02-27 13:31:50+00:00,1.6302E+18,Marynin John hakkÄ±nda konuÅŸtuÄŸunu duydu. un ebeveyni  ve Marynin evleninceye kadar birlikte yaÅŸamalarÄ±nÄ± istemiyor. YanÄ±mda neredeyse hiÃ§ param yok. Paris Japon kÄ±zlarÄ± iÃ§in bÃ¼yÃ¼k bir #gebzeescort  #gebze e s c o r t cazibeye sahiptir. . https://t.co/0IyH0YhHmt,0,1,sex
0,2023-02-27 13:31:30+00:00,1.6302E+18,Said he callin from Atlanta say he miss me.. well well well,0,0,sex
1,2023-02-27 13:31:18+00:00,1.6302E+18,A power struggle could be hard to rein in today. With the pett... More for Gemini https://t.co/6JnOaKxlZu,0,0,sex
0,2023-02-27 13:31:53+00:00,1.6302E+18,@JT__v2 @ChelsMHL_ Agree. But I can still not clap players tjay come over and clap. It means fuck all of they donâ€™t do it on the pitch.,0,0,sex
1,2023-02-27 13:31:52+00:00,1.6302E+18,"@CFCPys @Matt_Law_DT Looks like he really can't stand the pressure from his own players or his own fans. If he having doubt I really can't see he staying much longer. With the players having doubts towards him, it really on him and his assistances turn this around otherwise, rehire tuchel back TODD",0,0,sex
0,2023-02-27 13:31:48+00:00,1.6302E+18,Aside from the picks with Nashvilleâ€™s track record of developing D would anyone be surprised if Foote turned into a stud?,0,0,sex
1,2023-02-27 13:31:44+00:00,1.6302E+18,Getting heated regarding routine responsibilities is a risk fo... More for Capricorn https://t.co/OzvVIU6sBZ,0,0,sex
0,2023-02-27 13:30:35+00:00,1.6302E+18,Or that womanizer guy you dont understand why they love to annoy somebody (dazai preference) https://t.co/uF4EEcmkaH,0,0,sex
1,2023-02-27 13:28:04+00:00,1.6302E+18,"@absolutelyMKH @AlanShipnuck I'd say well done Tiger! Let's see wife chases with golf club, womanizer, accidents, plays with tampons. If I was Stienberg would have dumped him, not MONEY!!!",0,0,sex
0,2023-02-27 13:31:52+00:00,1.6302E+18,"ã€ŒDemon Slayer: Kimetsu no Yaiba, Vol. 20 (20)ã€
Authorï¼šKoyoharu Gotouge
Publisherï¼šVIZ Media LLC
Publication dateï¼šFebruary 02, 2021
https://t.co/gaRlYmeg3t",0,0,sex
1,2023-02-27 13:31:48+00:00,1.6302E+18,"@izukny Oh non par contre comparer l'humour de Kaguya Sama Ã  celui de Demon Slayer c'est pas possible !!!
Je veux bien que tu sois passionnÃ© mais y a des limites Ã  pas dÃ©passer lÃ  ğŸ˜­",0,0,sex
0,2023-02-27 13:31:46+00:00,1.6302E+18,"@BluRadioCo Don Nestor, este tipo no le escucha, porque esta embalado. Asi de simple.",0,0,sex
1,2023-02-27 13:31:42+00:00,1.6302E+18,"ç‰©æ¬²ãŒï¼

https://t.co/Mn2uGfymG4",0,0,sex
0,2023-02-27 13:31:37+00:00,1.6302E+18,@jcpcol Gmgm bud,0,0,sex
1,2023-02-27 13:31:28+00:00,1.6302E+18,Eu detesto este gajo. EstÃ¡ constantemente a aparecer-me no insta e Ã© sÃ³ irritante,0,0,sex
0,2023-02-27 12:58:45+00:00,1.63019E+18,"@dimitrov2k A pick-up artist, but for dev followers.
Disgusting.",0,0,sex
1,2023-02-27 07:53:03+00:00,1.63011E+18,"Scott Adams is a grifter with the personality of a pick-up artist who's also pretending to be a psychic, if the weird turbo-racism came as a surprise, you haven't been studying your types of guys.",0,0,sex
0,2023-02-27 12:32:12+00:00,1.63018E+18,@FWPlayboy I like the fact that you are not afraid to challenge the current status-quo in the Seduction community. An authentic voice,1,0,sex
1,2023-02-25 20:48:27+00:00,1.62958E+18,"The Game: The Game by #AngelaWashko is a #feminist video #game presenting the #politics, tactics, and practices of the male pick-up #artist and seduction community. 
https://t.co/QixYsA5U3T https://t.co/raNKgEZRST",1,0,sex
0,2023-02-27 13:31:50+00:00,1.6302E+18,"@JimmyDeuxFois__ Tu tâ€™es demandÃ© si ceux que tu as toi-mÃªme harcelÃ© se sont courus en lâ€™air.
Câ€™est parce que tâ€™as effacÃ© tes tweets depuis que efface ton comportement problÃ©matique.
En tout cas, tâ€™es relativement mal placÃ© pour faire la morale Ã  ceux qui ont remis un incel Ã  sa placeâ€¦",0,0,sex
1,2023-02-27 13:31:46+00:00,1.6302E+18,"@callateprogre Si existe, los judÃ­os",0,0,sex
0,2023-02-27 13:00:19+00:00,1.63019E+18,euuuu,0,0,sex
1,2023-02-27 12:53:44+00:00,1.63019E+18,"@baniarla MyÃ¶skin munkit ovat omasta tahdostaan selibaatissa* joten mÃ¤Ã¤ritemÃ¤llisesti volcel ei incel.

*Kuten tuolla jo sanottiin eivÃ¤t aina olleet kovinhyviÃ¤ pitÃ¤mÃ¤Ã¤n sitÃ¤ siveysvalaansa yllÃ¤.",0,0,sex
0,2023-02-27 13:30:01+00:00,1.6302E+18,"@choquei Ele Ã© mgtow, nÃ©. Atitude tÃ­pica https://t.co/8Bjlf5Ji3p",0,0,sex
1,2023-02-27 13:29:29+00:00,1.6302E+18,"Roses are red,
Violets are blue,
If you have lunch with a Nazi,
What does that make you? (Borrowed)
#ConservativesAreNazis #NeverVoteConservative #MGTOW",0,0,sex
0,2023-02-27 13:31:48+00:00,1.6302E+18,"@Quoll_pua ç¾çŠ¶ã‚¹ãƒˆå‹¢ãªã®ã§ã™ãŒ
æœˆå¹³å‡10å³ã¯ã§ãã‚‹ã®ã§
100å³é”æˆå¾Œã¯
ğŸ¦Œãƒãƒƒã‚¯äºˆå®šãªã®ã§ã™ãŒ
ãƒ¡ã‚¤ã‚¯çŸ¥è­˜å…¨ç„¶ãªã
ãŠå‹§ã‚ã®ãƒ¡ã‚¤ã‚¯é“å…·çŸ¥ã‚ŠãŸã„ã§ã™ã€‚",0,0,sex
1,2023-02-27 13:31:39+00:00,1.6302E+18,"@jimichaS7 ãŒã¡ã™ã‹ï¼
ã¼ãå…¨å“¡ä½™è£•ã§å¯é£Ÿå†…ã™",0,0,sex
0,2023-02-27 13:32:02+00:00,1.6302E+18,Tudo o que eu sei sobre esse cara redpill frustrado porque nenhuma mulher aguenta ele Ã© contra minha vontade,0,0,sex
1,2023-02-27 13:31:57+00:00,1.6302E+18,"@Carter57066870 @TVext @Axy0m I feel shame but itâ€™s not for me itâ€™s for you and people like you. It must be exhausting being you, but I will say Iâ€™m pleasantly surprised that you donâ€™t pay $8 for twitter. Enjoy your red pill.",0,0,sex
0,2023-02-27 13:30:11+00:00,1.6302E+18,@McfarlaneGlenda @Martyupnorth_2 The blue pill?  You're plugging back into the matrix?  Absolute L0Lz,0,0,sex
1,2023-02-27 13:27:34+00:00,1.6302E+18,"@Liberty_Vegan @KyleMatovcik dont even get me started on the optimal nutrition aspect of vegan v carnivore.  Thinking meat causes heart disease is the ultimate blue pill... btw, I ate a vegan diet for 2 years 10 years ago.  Or rather the WEF peasant diet. Maybe in 10 years you will be more evolved ;)",0,0,sex
0,2023-02-27 13:31:59+00:00,1.6302E+18,Mal conversei e jÃ¡ tÃ´ na friendzone que bacanaa,0,0,sex
1,2023-02-27 13:31:08+00:00,1.6302E+18,"@taetruthlove @HadokenExx parece ser uma amiga que ele fez no japao sla, mas ele fez um texto bem meloso o que leva a uma possivel friendzone bolada",0,0,sex
0,2023-02-27 13:31:56+00:00,1.6302E+18,@AshleyDCan Tittens.  Nice,0,0,sex
1,2023-02-27 13:31:45+00:00,1.6302E+18,@AndaGoldToken Nice one guys,0,0,sex
0,2023-02-27 13:32:08+00:00,1.6302E+18,Imagine calling yourself an alpha male but youâ€™re balding in your 30â€™s lmao #AndrewTate https://t.co/GrfoMBDlrg,0,0,sex
1,2023-02-27 13:32:07+00:00,1.6302E+18,@rgfray1 @jakepaul At this moment he knew he fucked up ğŸ˜…,0,0,sex
0,2023-02-27 13:32:09+00:00,1.6302E+18,"Granblue Fantasy: Versus Rising estarÃ¡ presente en el prÃ³ximo torneo competitivo de juegos de lucha EVO 2023 con su propio torneo de beta abierta.
#gaming #gamingnews #GranblueFantasy #Evo2023 
https://t.co/caE7bg2xkO",0,0,sex
1,2023-02-27 13:32:08+00:00,1.6302E+18,no but paulina and william is such a mindfuckery bc i keep looking at the â€œwillâ€ part like â€œOH WILLOWâ€ but its not bc willowâ€™s called paulina and william is actually beta hunter,0,0,sex
0,2023-02-27 13:32:08+00:00,1.6302E+18,@postman4685 *friend,0,0,sex
1,2023-02-27 13:31:56+00:00,1.6302E+18,vi algumas pessoas tirando o everything is love (que ela fez com o Jay-z) e mds gente??? aquele Ã¡lbum Ã© uma obra de arte,0,0,sex
0,2023-02-27 13:10:03+00:00,1.63019E+18,"à®•à®°à¯†à®•à¯à®Ÿà¯à®™à¯à®• ! à®†à®©à®¾ Hypergamy à®ªà®Ÿà®¿ à®ªà¯ˆà®¯à®©à¯ à®…à®µà®³à¯à®² à®µà®¿à®Ÿ à®¨à®²à¯à®² à®¨à®¿à®²à®®à¯ˆà®² à®‡à®°à¯à®•à¯à®• à®’à®°à¯ à®†à®³à¯à®² à®¤à®¾à®©à¯ choose à®ªà®©à¯à®©à¯à®µà®¾à®™à¯à®•. à®ªà¯Šà®©à¯à®©à¯ 80,000 à®šà®®à¯à®ªà®¾à®°à®¿à®šà¯à®šà®¾ à®ªà¯ˆà®¯à®©à¯ à®’à®°à¯ à®²à®Ÿà¯à®šà®®à¯ à®šà®®à¯à®ªà®¾à®°à®¿à®•à¯à®•à®©à¯à®®à¯ à®…à®¤ à®¤à®¾à®©à¯ à®…à®µà®™à¯à®• à®šà¯Šà®²à¯à®² à®µà®°à®¾à®™à¯à®•",0,0,sex
1,2023-02-27 13:05:50+00:00,1.63019E+18,"@meghaverma_art @ShreyaPattar Irony is no ""rich"" girl would settle for a normal guy...she would definitely choose a man richer than her..call it hypergamy or whatever...so technically she is the ""poor"" girl.

And yeah the cases for not being this is very very less!",0,0,sex
0,2023-02-27 13:30:36+00:00,1.6302E+18,@alinneistyping @EBRnotronsite @semvalentoes SÃ³ pela cara da pra ver que Ã© feminazi. Ã‰ regra simples: Se bateu Ã© pq aguenta. Vai achando que todo homem Ã© otÃ¡rio de nÃ£o revidar pq Ã© muie. SÃ³ tenta.,0,0,sex
1,2023-02-27 13:28:44+00:00,1.6302E+18,"@epigmenioibarra @DrIlIlIlIilIll1 ManifestaciÃ³n rara, no hubo vandalismo, ni una feminazi.",0,0,sex
0,2023-02-27 13:24:15+00:00,1.6302E+18,"He is so grateful for her compassion because he doesn't think he is deserving of even this.

[ Episode 50 | #KathaAnkahee ] https://t.co/vqlJgjSWur",3,2,sex
1,2023-02-27 13:18:43+00:00,1.6302E+18,@bandit_zombie Second loss in 2 weeks,0,0,sex
0,2023-02-27 13:30:54+00:00,1.6302E+18,"@GuardianBooks News flash for the â€œwoke generationâ€. Ian Fleming was a misogynist and a racist. Hereâ€™s a thought, if that â€œupsetsâ€ you so much, donâ€™t read his books.",0,0,sex
1,2023-02-27 13:30:51+00:00,1.6302E+18,"@LaLigaChampion @Ammar_NKR @TittyRuxpin @morningshowon7 You replied to me, incel boy. Why are you defending misogynist human traffickers?",0,0,sex
0,2023-02-27 13:31:51+00:00,1.6302E+18,The numbers support this statement,0,0,sex
1,2023-02-27 13:30:59+00:00,1.6302E+18,ğŸ‘ğŸ‘,0,0,sex
0,2023-02-27 13:28:32+00:00,1.6302E+18,@Khanyiithyst Did a representative from the fragile masculinity association say that to you?,1,0,sex
1,2023-02-27 13:15:46+00:00,1.63019E+18,Insecure iranian man with fragile masculinity crying in the mentions and qrtsğŸ¤­,3,0,sex
0,2023-02-27 13:22:18+00:00,1.6302E+18,@blitziod @lindyli Mansplain more. Women love it!,0,0,sex
1,2023-02-27 13:20:16+00:00,1.6302E+18,"@sianharries_ @sliderulesyou Mansplain alert, but Cillit Bang black mould remover works 100x better than bleach.",2,0,sex
0,2023-02-15 03:33:45+00:00,1.6257E+18,manterruptã¨ã‹ã„ã†è¡¨ç¾ã‚’çŸ¥ã£ã¦ç¬‘ã£ã¦ã„ã‚‹,0,0,sex
1,2023-02-14 13:28:25+00:00,1.62549E+18,"2023 GOALS:
Mansplain
Manspread
Manterrupt
Toxic Masculinity",2,0,sex
0,2023-02-23 08:39:28+00:00,1.62868E+18,"ğŸ‘© SHE had an idea about the evening and was promptly ignored. 

ğŸ‘¨ I just repeated it and was applauded before I could say it was HER idea! 

ğŸ™ğŸ¼ I apologised.  

âš™ï¸ This phenomenon is called â€˜HEpeatingâ€™ , like repeating but somehow it makes more senseâ€¦https://t.co/qmMsCNCeTc",0,0,sex
1,2023-02-22 01:03:00+00:00,1.6282E+18,Hepeating: Se refiere a cuando Ã©l (He) repite algo,0,0,sex
0,2023-02-27 13:00:36+00:00,1.63019E+18,i love wearing pants cos i can manspread as much as i want and no one cares,0,0,sex
1,2023-02-27 12:48:37+00:00,1.63019E+18,@pixie_revolver i WANT it to be gerard but i don't think it is because unless he cut it (not manifesting this) we'd see his hair bc it was like shoulder length? also i've never seen G manspread like that before i refuse to believe he sits like that also those shoes don't look like something /1,0,0,sex
0,2023-02-27 13:32:22+00:00,1.6302E+18,@g123_en what is bro waffling about,0,0,sex
1,2023-02-27 13:32:22+00:00,1.6302E+18,"@HBrubanter @graham__hoyle Itâ€™s tantamount to a war crime bro, let alone a disgrace.",0,0,sex
0,2023-02-27 13:32:23+00:00,1.6302E+18,CAKEP BANGET DUNIA SANGAT INDAH DENGAN ADANYA NATAN DAN AAMON,0,0,sex
1,2023-02-27 13:32:21+00:00,1.6302E+18,"@_max_doe_ Klingt gut! :)

Die im Callcenter sind leider wirklich inkompetent. :D Mir hatten die damals nen Trainertermin ""gebucht"". Im Studi wurde schon eine vor mir wieder nach Hause geschickt, weil das einfach nicht an die Studios kommuniziert wird und so schnell gar nicht gehe. ğŸ˜…",0,0,sex
0,2023-02-27 13:32:25+00:00,1.6302E+18,@Oliveresuana Beautiful moment! He genuinely deserved it too.,0,0,sex
1,2023-02-27 13:32:25+00:00,1.6302E+18,Hope you guys are having a great weekend!  https://t.co/XuIks1eC7F,0,0,sex
0,2023-02-27 13:32:26+00:00,1.6302E+18,@GrueneBundestag @katdro @BriHasselmann @IreneMihalic @filizgreen @LamyaKaddor @herr_emmerich Also stand heute kÃ¶nnte man Denken Ihr seid Ableger von A.H. Wobei ich vergaÃŸ Eure GrÃ¼nder waren ja von der NSDAP ergo wÃ¼rdet Ihr euch ja Freuen wenn der Reichstag brennen wÃ¼rde oder?,0,0,sex
1,2023-02-27 13:32:25+00:00,1.6302E+18,"@KatsinaY An Igbo man, in Lagos. An Obidient. But I wish to congratulate you on this stride. Just emulate the good life of Yar'adua. God bless you.",0,0,sex
0,2023-02-27 13:32:41+00:00,1.6302E+18,"å‡„ã„ãªã‚‚ã‚‚ã•ã‚“ã€ãã“ã«""ã„ã‚‹""ã˜ã‚ƒã‚“â€¦",0,0,gender
1,2023-02-27 13:31:05+00:00,1.6302E+18,@dojakedi @ardabaroz ay engellememis tmm ğŸ˜,0,0,gender
0,2023-02-27 13:32:31+00:00,1.6302E+18,https://t.co/SxMvgWRoBx,0,0,gender
1,2023-02-27 13:31:54+00:00,1.6302E+18,@DanaPerino Me Mr me,0,0,gender
0,2023-02-27 13:28:22+00:00,1.6302E+18,Pigang piga,0,0,gender
1,2023-02-27 13:26:21+00:00,1.6302E+18,@jinsrightnut In love with her hips gtfo lmao,0,0,gender
0,2023-02-27 13:31:40+00:00,1.6302E+18,@Artem32161237 @ShenmueForever @Shenmue_Dojo #shemale,0,0,gender
1,2023-02-27 13:30:25+00:00,1.6302E+18,@nado_cuty @nado_shemale Ø§Ù†Ø«ÙŠ,0,0,gender
0,2023-02-27 11:40:42+00:00,1.63017E+18,@Alphafox78 Fine that thing can call me what ever it likes. If it was born with a dick it is not a chick.,0,0,gender
1,2023-02-27 10:44:20+00:00,1.63016E+18,@ClownWorld_ So basically a cross dresser that is gay but is so delusional that they want to change what defines a woman? A chick with a dick. Got itâ€¦.,0,0,gender
0,2023-02-27 07:28:05+00:00,1.63011E+18,Been asked to address my thoughts on transgenders. Didnâ€™t want to give the he-sheâ€™s my attention as I believe it is an attention seeking spin.,1,0,gender
1,2023-02-27 04:30:18+00:00,1.63006E+18,"He-she is taking Sam Brintonâ€™s old job as non-binary Nuclear Waste Official. Heâ€™s, I mean sheâ€™s Oâ€™Bidenâ€™s new Nuclear Official?",1,0,gender
0,2023-02-27 13:32:31+00:00,1.6302E+18,"@nonoxcol @graham_meikle @idca__ @tomewing @peoples_pop Zig and Zag; Gordon the Gopher; Ed the Duck, America would not understand. I think it would blow Americaâ€™s mind to know that Mr. Blooby, he who forever lurks in the shadows, is not even from kids TV, but an actual manifestation of the 80â€™s cursed TV generation",0,0,gender
1,2023-02-27 13:32:31+00:00,1.6302E+18,"Self-discipline doesn't deprive you - it grants you freedom.

â€œBut the fruit of the Spirit is love, joy, peace, longsuffering, kindness, goodness, faithfulness, gentleness, self-control. Against such there is no law.â€
Galatians 5:22-23 NKJV",0,0,gender
0,2023-02-27 13:32:57+00:00,1.6302E+18,"baru aja bahagia, dah badmood lagi ajaa:(",0,0,gender
1,2023-02-27 13:32:45+00:00,1.6302E+18,Itâ€™s my birthday get sending piggyâ€™s. Â£ellajhones20 I want to see tributes and subs in my dms. #paypig #findom #slave #humanatm #sissy https://t.co/mdbNVy7fbs,0,0,gender
0,2023-02-27 13:33:15+00:00,1.6302E+18,"3æœˆã®ãƒ©ã‚¤ãƒ–äºˆå®šã§ã™ã€‚

â– 3/4(åœŸ)ä¸‰è»’èŒ¶å±‹ãƒ˜ãƒ–ãƒ³ã‚¹ãƒ‰ã‚¢
(w/ãƒã‚¤ãƒ‰ã‚¯/GOLGO BUTCH/code/ã‚µãƒ³ãƒ€ãƒ¼ãƒãƒ¼ãƒ‰59/F:ãã—ã±ã‚“)
ãƒ€ãƒ 19:40

â– 3/7(ç«)æ¸‹è°·ãƒ©ãƒãƒ
(w/OHIO101/ã‚¹ãƒ©ãƒ³ã‚­ãƒ¼ã‚µã‚¤ãƒ‰)
ãƒ€ãƒ 20:10

â– 3æœˆ11æ—¥(åœŸ)æ–°æ¾æˆ¸FIRE BIRD
(w/SoberBrown/The Blue Bonskiii/ãƒ†ã‚£ãƒ¼ãƒˆã‚¨ã‚¤ãƒ/moja/LP:bon)
ãƒ€ãƒ 20:45 https://t.co/pDxNrqxwMy",0,0,gender
1,2023-02-27 13:32:58+00:00,1.6302E+18,If only there was a way to remove all the scenes with Butchâ€™s girlfriend in Pulp Fiction and replace them with more Vincent/Mia,0,0,gender
0,2023-02-27 13:32:23+00:00,1.6302E+18,@iluvmilfsndilfs Omg I remember getting yelled at on https://t.co/17O8xFshji when I said I lowkey shipped them ğŸ˜­,0,0,gender
1,2023-02-27 13:32:12+00:00,1.6302E+18,"I lost you, and you lost me... I can't shake it off...",0,0,gender
0,2023-02-27 13:32:27+00:00,1.6302E+18,@erismybeloved PTDRR,0,0,gender
1,2023-02-27 13:32:21+00:00,1.6302E+18,@creamichii piggy!!! Duck,0,0,gender
0,2023-02-27 13:32:35+00:00,1.6302E+18,"@ThisIsMarkJones On the flip side, letâ€™s say someone doesnâ€™t get picked because theyâ€™re gay or trans. Is that discrimination, according to you? Or is it Godâ€™s will?",0,0,gender
1,2023-02-27 13:32:33+00:00,1.6302E+18,"@PoetCheesehead @JoJoFromJerz @DronePremier Tell me you haven't been in a school without telling me. You people are horrendously out of touch. Fact of the matter is that it should be taught and it just isn't. Hell they can't even have books that mention gay people. Yall are literal nazis and brother ""praxis"" is a comin",0,0,gender
0,2023-02-27 13:31:26+00:00,1.6302E+18,shout out to rockgender lesbians,0,0,gender
1,2023-02-27 13:31:12+00:00,1.6302E+18,"Il programma settimanale di elly schlein : lunedÃ¬ culattoni, martedÃ¬ lesbo mercoledÃ¬ bisex giovedÃ¬ gnocca venerdÃ¬ transmania night evolution sabato negri e drogati e domenica tutti insieme appassionatamente! MERDE",0,0,gender
0,2023-02-27 13:32:18+00:00,1.6302E+18,This black lesbian became a giant in her field no matter what her critics threw at her https://t.co/vcwNnt3TPE https://t.co/K8k17kayIS,0,0,gender
1,2023-02-27 13:32:13+00:00,1.6302E+18,i cant rly speak on the aave usage but its kinda insane to harrass a (then 14 year old) lesbian over an ew lesbians joke,0,0,gender
0,2023-02-27 13:32:14+00:00,1.6302E+18,"/ Interaction Call:

Reply if you'd like a specific relationship with Cassie (platonic, romantic, family etc.).

- Cassandra is multiship and bisexual.
- Admins must be 18 or over for ships.
- Feel free to dm instead if you like :)",0,0,gender
1,2023-02-27 13:32:01+00:00,1.6302E+18,this is how every bisexual person sits https://t.co/syf1uhdZRd,1,0,gender
0,2023-02-27 13:32:36+00:00,1.6302E+18,"Based Argentina, as always.",0,0,gender
1,2023-02-27 13:31:01+00:00,1.6302E+18,#NAME?,0,0,gender
0,2023-02-27 13:32:36+00:00,1.6302E+18,"You are aromantic and not asexual! I got it all wrong! However,you are aromantic too. Your name is bobby now with a pig called kim jong trump III",0,0,gender
1,2023-02-27 13:32:16+00:00,1.6302E+18,"@terfasaurus Whenever Iâ€™ve gone to meetings on sexuality put on by socialists itâ€™s been revealed theyâ€™re all sexually unintelligent, misunderstand consent (like most people), are verging on the asexual, and basically very poor at dealing with the messy side of human subjectivity generally",0,0,gender
0,2023-02-27 13:32:36+00:00,1.6302E+18,"You are aromantic and not asexual! I got it all wrong! However,you are aromantic too. Your name is bobby now with a pig called kim jong trump III",0,0,gender
1,2023-02-27 13:30:35+00:00,1.6302E+18,A kickass unicorn poet waving the aromantic flag.,0,0,gender
0,2023-02-27 13:31:36+00:00,1.6302E+18,That's why I as being Non-Binary I want to design more clothing to push this revolution forward #FashionRevolution #GenderInclusivity,0,0,gender
1,2023-02-27 13:31:26+00:00,1.6302E+18,"An Indian transgender non-binary model, Nin Kala, was forced to take off their shirt and humiliated by Omani authorities before being denied entry into Muscat despite holding a valid tourist visa.

@Indemb_Muscat @DrSJaishankar @M_Lekhi - can you please look into this? https://t.co/bXjo8XSLhI",0,0,gender
0,2023-02-27 13:03:39+00:00,1.63019E+18,It's the reflexive didacticism that leaves no room for any lived human experience for me,1,0,gender
1,2023-02-27 12:52:39+00:00,1.63019E+18,I love my intersex or genderqueer friends because they're really cool.,0,0,gender
0,2023-02-27 13:31:34+00:00,1.6302E+18,@effyrexic @cyanidecals Okay yeah sounds pretty gender fluid to me,0,0,gender
1,2023-02-27 13:29:01+00:00,1.6302E+18,"@hobby_consolas El nuevo James Bond.
PolÃ­ticamente mÃ¡s correcto y Gender Fluid para que todes nos sintamos identifiades. https://t.co/SaBisMhypI",0,0,gender
0,2023-02-27 13:32:01+00:00,1.6302E+18,"@QueenofSorrow75 Ãˆ possibile , ma difficile da realizzare e che sia duratura !
Ma Ã¨ un falso problema.
Vero che ci sono amiche che diventano amanti ed amanti che diventano amiche. Come diceva Freud il sesso Ã¨ la ruota che muove e commuove il mondo. 
Anche oggi, con i TransgenderğŸ˜‰",0,0,gender
1,2023-02-27 13:31:59+00:00,1.6302E+18,transgender behavior,0,0,gender
0,2023-02-27 13:30:14+00:00,1.6302E+18,"å‰å›ã®ãŠé…’ã¯ã‚¤ãƒã‚¤ãƒã ã£ãŸã‘ã©ã€ã‚³ãƒ¬ã¯å½“ãŸã‚Šã‚„ã£ãŸğŸ˜Šå®‰ãã¦ç¾å‘³ã—ã„ï½â¤ï¸
#transvestite #shemale #crossdresser #sake #å¥³è£… #æ—¥æœ¬é…’ https://t.co/xLAK9cJrU9",2,0,gender
1,2023-02-27 13:26:50+00:00,1.6302E+18,"@ToxicMuffinMen @JohnLeguizamo https://t.co/pIvOWQZi76 

True except he was all mad when they hired a non- latino to play Castro and by that same logic  he shouldn't have played a transvestite. They should've cast a real one for the part he stole. These are Leguizamo rules not mine.",0,0,gender
0,2023-02-27 13:32:41+00:00,1.6302E+18,@w_terrence Crossdresser,0,0,gender
1,2023-02-27 13:30:14+00:00,1.6302E+18,"å‰å›ã®ãŠé…’ã¯ã‚¤ãƒã‚¤ãƒã ã£ãŸã‘ã©ã€ã‚³ãƒ¬ã¯å½“ãŸã‚Šã‚„ã£ãŸğŸ˜Šå®‰ãã¦ç¾å‘³ã—ã„ï½â¤ï¸
#transvestite #shemale #crossdresser #sake #å¥³è£… #æ—¥æœ¬é…’ https://t.co/xLAK9cJrU9",2,0,gender
0,2023-02-27 12:31:40+00:00,1.63018E+18,@l0stanzel Thul thuo bag bokdai ma food nai delivery garne haina ni... aba ta J pani Jata pani ho...,0,0,gender
1,2023-02-27 12:30:55+00:00,1.63018E+18,@ananth2104 @Usman_Mustafa_ @imtheguy07 Ho gyi teri gaali galoch start. It shows ur upbringing. Don't want to engage with such scu*bags.,0,0,gender
0,2023-02-27 13:11:02+00:00,1.63019E+18,@milfsunion and itâ€™s like double the price then,0,0,gender
1,2023-02-27 12:43:52+00:00,1.63019E+18,That GRV guy is too fine. I want to be his cum dumpster ğŸ¤­,0,1,gender
0,2023-02-27 11:25:33+00:00,1.63017E+18,Cock tease?,0,0,gender
1,2023-02-27 02:59:59+00:00,1.63004E+18,@Tranracialangel @VT2MI802 Bro you a giant cocktease,2,0,gender
0,2023-02-27 13:32:51+00:00,1.6302E+18,"""Who are you?"" Asked the young wolf, sniffing the stranger's scent. He was still new to his wolf senses, but something in his memory told him that he knew this person.
""This is Stiles."" Derek introduced. ""He's..."" The man paused, unsure of how to finish the sentence.",0,0,gender
1,2023-02-27 13:32:43+00:00,1.6302E+18,@RonFilipkowski You can ONLY WISH you could pull thatâ€¦.man I love haters.,0,0,gender
0,2023-02-27 13:23:06+00:00,1.6302E+18,@karlravechespn @JeffPassan @Mets @Cardinals @Buster_ESPN @dcone36 @PerezEd A game on Jupiter? Wow the ball is gonna absolutely fly,4,0,gender
1,2023-02-27 13:03:27+00:00,1.63019E+18,"@realchrisrufo @MattWalshBlog But if you ask most people who are just getting by and not on Twitter or into politics, that shooter was a homophobe.  The Left got their message out.  Succeeded too",0,0,gender
0,2023-02-27 13:33:00+00:00,1.6302E+18,Thistime you're sleepy and you don't feel well. Pero kapitbahay nag videoke.,0,0,gender
1,2023-02-27 13:33:00+00:00,1.6302E+18,@joiekez Hahhahahahaha alang wala ka nag uban rob hayssst,0,0,gender
0,2023-02-27 13:21:12+00:00,1.6302E+18,@sportdesang @LouisDevSport @devsahni @tommytntfury @jakepaul Disclaimer- These are the thoughts of everyone associated with the pod * ğŸ˜‚,1,1,gender
1,2023-02-27 13:10:14+00:00,1.63019E+18,"â‹† Ëšï½¡â‹†à­¨à­§Ëšğ•‹â„ğ”¸ğ”»ğ•€â„•ğ”¾ ğ•ƒğ•€ğ•Šğ•‹Ëšà­¨à­§â‹†ï½¡
Shrew x4 (all fr) 
Hyena x1 (r) 
Dodo x1 (nfr)
Ssbd x1 (r) 
Winged tiger x1 (fr) 
Dancing dragon x1 (r) 
Cat x4 (all neon 1 fr) 
Fly pot x1 
Skeleton dog x1 (r) 
Bee x1 (f) 
Bunny x1 (r) 
Looking for a high tier 
Rt appreciated ğŸ«¶",1,0,gender
0,2023-02-27 13:33:01+00:00,1.6302E+18,@grandpazhong I still want to see him in virgin killer sweater...,0,0,gender
1,2023-02-27 13:32:59+00:00,1.6302E+18,"@laragis Hi Lara, I'm very sorry to hear that. Is that on a Wired or Wireless connection? MH",0,0,gender
0,2023-02-27 13:19:29+00:00,1.6302E+18,"Don't miss the opportunity to be involved in this panel discussion at NBCC Saint John with speakers from the business community. Join us tomorrow, Tuesday, Feb. 28 ! #blackleaders  #BHM2023@Rothesay_NB  @towngbw @cityofsaintjohn @Quispamsis @CdnHeritage @myNBCC https://t.co/MTxtxfayH2",0,0,gender
1,2023-02-27 13:18:33+00:00,1.6302E+18,@zachsilberberg I really feel like the Babadook would be too prude and think theyâ€™re good for the Skinamarink.,0,0,gender
0,2023-02-27 13:29:56+00:00,1.6302E+18,https://t.co/mhKGqjHuVV,5,0,gender
1,2023-02-27 13:29:48+00:00,1.6302E+18,@DestinyTheGame let me lick the Witness' forehead or I'm no longer a fan,0,0,gender
0,2023-02-27 13:29:58+00:00,1.6302E+18,@MamasatHome_ The crowd was dead she looks like she's auditioning for director's who maybe watching I know she emasculated the shit out of d.wade smh,0,0,gender
1,2023-02-27 13:05:42+00:00,1.63019E+18,"@coachyawe @BarakaWanyanga @aomenya @HabBradley The Man has lacked ""Mentors"" &amp; become severely emasculated by the elevation of the girl child at the expense of the Boy child.
Many have been brought up by mothers having absentee Mentors (Read Fathers)
Society has crumbled
It's no excuse though. 
A man needs to seek out",1,0,gender
0,2023-02-27 11:58:09+00:00,1.63018E+18,"@Johan7Carter @SaycheeseDGTL facts man, they try to emasculate us so bad",0,0,gender
1,2023-02-27 11:36:56+00:00,1.63017E+18,So tired of the gay agenda being forced on the Black community. Being African American is NOT synonymous with being queer. IT IS NOT!!!! Honest truth? It's another piece of the genocide/ assimilation: Encouraging Blacks to reproduce less and/ or unnaturally AND emasculate our men,0,0,gender
0,2023-02-27 13:32:57+00:00,1.6302E+18,"baru aja bahagia, dah badmood lagi ajaa:(",0,0,gender
1,2023-02-27 13:32:45+00:00,1.6302E+18,Itâ€™s my birthday get sending piggyâ€™s. Â£ellajhones20 I want to see tributes and subs in my dms. #paypig #findom #slave #humanatm #sissy https://t.co/mdbNVy7fbs,0,0,gender
0,2023-02-27 13:32:55+00:00,1.6302E+18,"@HanoverHussy @cache_pas @eternalmoonshne Sorry - posted without context. Wasnâ€™t in disagreement, just that yes gay men are marginalised for being gay/effeminate but that also they are hugely problematic and dangerous too",0,0,gender
1,2023-02-27 13:25:56+00:00,1.6302E+18,"Instead we r back to the 50's (an era of strict gender norms), except now effeminate/gentle boys and tomboyish/masculine girls are transed so they can be slotted in the 'correct' gender.  Masculinity becomes MORE toxic 'cos for the untransed gender norms are now absolute. 2",0,0,gender
0,2023-02-27 13:08:40+00:00,1.63019E+18,"@qaiseraraja @aaizafar (ii)Those who were not created that way; rather they choose to imitate women in their movements and speech. This is the type which is cursed in the saheeh hadeeths.
 The mukhannath or effeminate man is one who is obviously male, unlike the khuntha (intersex). 
4/",0,0,gender
1,2023-02-27 13:06:55+00:00,1.63019E+18,@dontrece_hd Modern day man is so effeminate that he fears being called a creep and put on a tik tok. Who cares.,0,0,gender
0,2023-02-27 13:23:38+00:00,1.6302E+18,"Men being less masculine &amp; woman being less feminine is a sign of human civilization getting stronger and more sophisticated so it could use something more advanced than our own bodies, not a sign of ""degradation"" no matter what some hacks with no biology education will tell you.",2,0,gender
1,2023-02-27 13:20:12+00:00,1.6302E+18,"@Findthemoney_ @vonIajuan @ReddIsAri Scientific articles about something I am not arguing against. I am not talking about gender roles. I am talking about someone who is male asking us to believe they are female.
Be a feminine man, be a masculine woman. NO ONE CARES. Don's ask us to believe you're female.",0,0,gender
0,2023-02-27 13:13:26+00:00,1.63019E+18,@LeoGoneSavage @NTC21HD @FGC_Daily Manly is when woman wears pants,0,0,gender
1,2023-02-27 12:13:28+00:00,1.63018E+18,"if a cis woman character wearing a sports bra during a fight is manly, i'd like to see the men complaining put one on just to get them to stick by their words",7,0,gender
0,2023-02-27 13:31:28+00:00,1.6302E+18,"ğŸŒˆã€YouTubeã€‘ğŸŒˆ

Tell Me Whyã‚’ã‚¹ã‚¿ã‚¸ã‚ªã‚ˆã‚ŠãŠå±Šã‘ã€œï¼
MVãƒãƒ¼ã‚¸ãƒ§ãƒ³ã¨ã¯ã‚¢ãƒ¬ãƒ³ã‚¸ãŒã¡ã‚‡ã£ã¨é•ã†ï¼ã‚ã‹ã‚‹ã‹ãªã€œï¼

â–¼Click!â–¼
https://t.co/89J8TWQvCu https://t.co/MSxDumxqW2",0,0,gender
1,2023-02-27 13:31:13+00:00,1.6302E+18,@bbzeskil gmd tomboy. dette e essa rett itte han har spist sine 8 bestillinger av nr17 pÃ¥ china grill. han mÃ¥tte ha seg nÃ¥ge dessertğŸ¥°(se sÃ¥ glad han e)â˜ºï¸ https://t.co/JDy6skMhRf,0,0,gender
0,2023-02-27 13:32:35+00:00,1.6302E+18,@bootheelposting i love bradley whitford so much honestly lmao. i remember really enjoying that one in high school. i should give it a rewatch.,0,0,gender
1,2023-02-27 13:32:15+00:00,1.6302E+18,@Girly_Yuichan ã„ã‚ã„ã‚é€Ÿåº¦ãŒã‚¢ãƒ¬ã¨ã‹ã‚ã‚Šã¾ã™ãŒã€åŸºæœ¬çš„ã«ã¯è·é›¢ã¨ã—ã¦ã¯è¿‘ã„ã‚“ã§ã™ã‚ˆã€‚å®‡å’Œå³¶ã¨ã‹ä¸­æ‘ã®æ–¹ãŒå¥¥æ·±ã„ã§ã™ã€‚,1,0,gender
0,2023-02-27 12:14:55+00:00,1.63018E+18,"Well i like someone ( who i really donâ€™t want to mention) i liked him but the thought of us being too manly or the concept of manly hood has changed out the difference in the term called love , why canâ€™t a man love a man , why canâ€™t a girl love a girl why canâ€™t we ,is it too hard",0,0,gender
1,2023-02-27 11:35:49+00:00,1.63017E+18,"@Red_SupaBad Thatâ€™s my least favorite of the Versace too but itâ€™s cool my fav is Versace Eros but my everyday perfume is Tommy girl, Oscar de la renta or dolce light blue I like them fresh/manly scents lol",0,0,gender
0,2023-02-27 13:32:12+00:00,1.6302E+18,@QualityTweets78 That crud got rocked..he's lucky he stayed up..girly punch a grown man? Welcome to the jungle punk.. you're male..all you gonna get is your ass thumped or worse..get up ..wipe your face.. you've been initiated into the world...,0,0,gender
1,2023-02-27 13:18:52+00:00,1.6302E+18,@men_odins â€œPretty and girlyâ€ are not the first adjectives that come to mind when describing this person. I think that thereâ€™s more that gives them away as a man than having a â€œroll of quartersâ€ hanging down.,0,0,gender
0,2023-02-27 13:32:08+00:00,1.6302E+18,So we jus gonna ignore white boi calling Asian guy the N-word ğŸ¤”ğŸ¤¦ğŸ½â€â™‚ï¸,0,0,race
1,2023-02-27 13:29:05+00:00,1.6302E+18,@Ra3byou I'll say it once and I'll say it again. They really really want their own N-word.,0,0,race
0,2023-02-27 13:30:57+00:00,1.6302E+18,"ç¾åœ¨é€²è¡Œå½¢
GAME
ã€€ã‚¹ãƒ—ãƒ©3
ã€€ãƒ—ãƒªã‚³ãƒ Reï¼š
ã€€ãƒã‚®ãƒ¬ã‚³
ã€€ã‚¹ã‚¿ãƒ¼ã‚ªãƒ¼ã‚·ãƒ£ãƒ³6
Anime
ã€€ã¼ã£ã¡ãƒ»ã–ãƒ»ã‚ã£ãï¼
ã€€ãƒ¤ãƒãƒã‚¹ã‚¹ãƒ¡
22æ™‚30åˆ†57ç§’",0,0,race
1,2023-02-27 13:05:53+00:00,1.63019E+18,@WienkeNl Ziet er niet zwak uit zo te zien,0,0,race
0,2023-02-27 13:33:11+00:00,1.6302E+18,ä»Šã“ã“ã§ç›®æ’ƒè€…å‡ºã¦ãã‚‹ã®æ€ªã—ã„ã‹ã‚ˆæ€–ã„ã‹ã‚ˆ,0,0,race
1,2023-02-27 13:32:46+00:00,1.6302E+18,ğŸ¤£ğŸ’™,0,0,race
0,2023-02-27 12:35:48+00:00,1.63018E+18,@NickyZins @BrittanyLynne You need to grow up!,0,0,race
1,2023-02-27 12:35:15+00:00,1.63018E+18,@BrittanyLynne Canâ€™t even begin to describe how bad it is!,0,0,race
0,2023-02-27 13:33:11+00:00,1.6302E+18,æ‰‹å–ã‚Š30ä¸‡ã£ã¦ã—ã‚“ã©ã„ã‚ˆãª,0,0,race
1,2023-02-27 13:33:03+00:00,1.6302E+18,Hackey Jap IS BORING!!!!,0,0,race
0,2023-02-27 13:33:20+00:00,1.6302E+18,"@Frosmi95 Lo es, acÃ©ptalo. https://t.co/Y8cbSxHQvo",0,0,race
1,2023-02-27 13:33:13+00:00,1.6302E+18,@Faulty_Baka W,0,0,race
0,2023-02-27 11:29:45+00:00,1.63017E+18,@DrunkAustrian This has a pleasant verticality to it that a lot of modernist buildings lack.,2,0,race
1,2023-02-27 08:02:49+00:00,1.63012E+18,Spending money on a hobby could be hard to resist at present. ... More for Aquarius https://t.co/X2bPrBi9CG,0,0,race
0,2023-02-27 13:10:30+00:00,1.63019E+18,@paimonfess Kamu ngasih sarannya pake bahasa inggris atau bahasa indonesia?,0,0,race
1,2023-02-27 13:09:50+00:00,1.63019E+18,@Jeprijuragan namanya jugaa plt yaa begitulahh minimaliss.....ilmunya wkwkwk,0,0,race
0,2023-02-27 13:33:23+00:00,1.6302E+18,@Hahaha600T @Wh0sCakey crackers,0,0,race
1,2023-02-27 13:33:23+00:00,1.6302E+18,Belom ngeklik sama album cracker island,0,0,race
0,2023-02-27 13:32:03+00:00,1.6302E+18,"@DanannOficial Man, que pobreza de pensamiento posees. Hasta da ganas de donarte algo de capacidad de razonamiento.",0,0,race
1,2023-02-27 13:30:15+00:00,1.6302E+18,"@frandpc @patriciagamarra Que poca capacidad de razonamiento para no entender que ambos pensamientos y sentimientos son perfectamente compatibles. Se resume en querer ser madre.

Danann, un taradito mÃ¡s de aquel circulito de ignorancia.",0,0,race
0,2023-02-27 13:33:05+00:00,1.6302E+18,"@blueadirondacks @CourtTV Im not a paid troll but I have a problem with the fact that not one other person was ever considered. Drug trafficking  cartels, angry clients that were stolen from, angry families of the boat crash, jealous rednecks who hate rich privileged. A lot to choose from but nothing",0,0,race
1,2023-02-27 13:33:03+00:00,1.6302E+18,"@Gabishop2Gb just posted the 2 spaces where John Thaler was talking, if interested.",0,0,race
0,2023-02-27 13:29:32+00:00,1.6302E+18,"@Klemmergirl @gtconway3d The politicians in DC earn a large salary, millions, they have fund raisers that brings in millions, there's no reason other than class! You can't buy it or learn it and MTG along with ""the B"" are examples of "" po white trash""! Not well read or educated, they know EVIL and HATRED",0,0,race
1,2023-02-27 13:25:18+00:00,1.6302E+18,The only White trash I know are the ones who sell out their own Folk...,0,0,race
0,2023-02-27 13:32:36+00:00,1.6302E+18,@SagED_UP Daryl Moose Johnston,0,0,race
1,2023-02-27 13:32:08+00:00,1.6302E+18,"@KurtSchlichter @townhallcom Honestly, the Trumplican brand of populism/nationalism is a complete turn off for limited government Râ€™s. Itâ€™s just the GOPe but more hillbilly. But luckily populists eat themselves pretty quickly soâ€¦.. https://t.co/TsmnyOZJYf",0,0,race
0,2023-02-27 13:32:41+00:00,1.6302E+18,"@JulienPain comme tous les FactChecker est une grosse merde.
Il fait parti dâ€™un outil de propagande dont le but est de redonner de la lÃ©gitimitÃ© Ã  lâ€™information mainstream. Nos mÃ©dias de grande Ã©coute Ã  force de mensonge et trahisons ont perdu la confiance de leur audience.",0,0,race
1,2023-02-27 13:32:28+00:00,1.6302E+18,ğŸ˜‚ğŸ˜‚ğŸ˜‚,0,0,race
0,2023-02-27 13:33:09+00:00,1.6302E+18,Keren,0,0,race
1,2023-02-27 13:32:59+00:00,1.6302E+18,@eastafricatv #EatvMCM Umbeya na tabia za ajabu ajabu mwanaume hapaswi kuwa nazo.,0,0,race
0,2023-02-27 13:33:33+00:00,1.6302E+18,"@kelykelly Same candidate who just took the City from your City Boy?
Dey play. Just dey play. ğŸ˜Š",0,0,race
1,2023-02-27 13:33:32+00:00,1.6302E+18,ä¿ºã‚‚ã§ãã¦ã‚‹ã€‚,0,0,race
0,2023-02-27 13:33:16+00:00,1.6302E+18,@nmB4RSK ç«å…ƒã¯ãªã‚“ã¨ãªãå¯Ÿã—ãŒã¤ã„ã¦ã„ã¾ã™â€¦æ—©ãé®ç«ã—ã¾ã™ã‚ˆã†ã«â€¦,0,0,race
1,2023-02-27 13:32:46+00:00,1.6302E+18,"@mammy_aoki ã‚ã‚ŠãŒã¨ã†ã”ã–ã„ã¾ã™^ ^
ğŸ¤¤ğŸ¤¤ç¾å‘³ã—ã„å¹¸ã›ã‚‚ã‚ã‚ŠãŒã¨ã†ã”ã–ã„ã¾ã™â¤ï¸",0,0,race
0,2023-02-27 13:30:00+00:00,1.6302E+18,new darkie songğŸ¤­,0,0,race
1,2023-02-27 13:28:22+00:00,1.6302E+18,Wike na bastard!,0,0,race
0,2023-02-27 13:21:13+00:00,1.6302E+18,"His pops was a Cryomancer ""Edenian"" and his mom was human ""Earthrealm"" He's a half breed that fights for/comes from Earthrealm
I'm down to say you aren't technically wrong ğŸ¤™ I learned something about sub",1,0,race
1,2023-02-27 13:09:51+00:00,1.63019E+18,"@SnorreForsete @_MaryJaneGreen @AnexxionT @marcelo_src @johnhawkinsrwn @DelusionPosting Okay so go hop in a pen with a half-breed boar and a landrace and tell me which one you trust more when your backs turned. I wasn't saying domestic pigs have wild in them, just that interbreeding does happen and does change temperament.",0,0,race
0,2023-02-27 13:32:44+00:00,1.6302E+18,"bro imagine being a hotep for the TL and then someone (likely a chardonnay) defending you calls you a ""mulatto"" LMFAOOOOOOO",0,0,race
1,2023-02-27 13:31:33+00:00,1.6302E+18,"@LizardB01935413 as usual, my reply is not shown...he is still a disgusting little mulatto and a race baiter",0,0,race
0,2023-02-27 11:15:46+00:00,1.63016E+18,@meanwhileinau My octoroon son does. But we don't go for any of that BS. Race politics is mocked in our household.,0,0,race
1,2023-02-27 04:08:47+00:00,1.63006E+18,"@ScottAdamsSays 1) Racial division? 1 drop, 3/5ths (yeah I kno the history, still a thing) brain size, body part research, Octoroon, Quadroon. Who could own property, read, write, vote, marry, serve like Johnson Whittaker, stand on a corner in excess of 3, face Satchel Paige in the Bronx, buy a+",0,0,race
0,2023-02-27 09:35:17+00:00,1.63014E+18,"@alisha_rispoli I'm from Louisiana. A quadroon (3/4 European 1/4 African), my male ancestors were white and my female ancestors were mulattos, literally. I don't understand how there were communities like mine all throughout Louisiana without it being orchestrated. Jews.",0,0,race
1,2023-02-27 06:52:04+00:00,1.6301E+18,"Hope Tom Hiddleston, Zawe and their lil quadroon baby are doing well. May the ancestors push through as they did with Nico",0,0,race
0,2023-02-27 13:33:37+00:00,1.6302E+18,Yellow and black,0,0,race
1,2023-02-27 13:33:36+00:00,1.6302E+18,@coolclownn Ø§Ù„Ù…ØµÙŠØ¨Ø© Ø§ØºÙ„Ø¨Ù‡Ù… Ø·Ù„Ø§Ø¨ Ù…Ø¯Ø§Ø±Ø³,0,0,race
0,2023-02-27 12:49:22+00:00,1.63019E+18,@xfinbcool curry muncher,0,0,race
1,2023-02-27 12:08:03+00:00,1.63018E+18,@burnerrraccc @ReshadRahman_ @fansjavimiguel Why the emojis curry muncher,0,0,race
0,2023-02-27 13:33:39+00:00,1.6302E+18,@p_4all ÙƒØ°Ø¨ ØµØ±ÙŠØ­ Ø¨Ù„Ø§ Ø®Ø¬Ù„,0,0,race
1,2023-02-27 13:33:38+00:00,1.6302E+18,é¬¼æ»… è¦‹ã¦ããŸï¼,0,0,race
0,2023-02-27 04:08:19+00:00,1.63006E+18,@pareekhjain VERY BAD IDEA FOR A TW GM GG GC GYPPO NEANDERTHAL ORSZAGNAK,0,0,race
1,2023-02-26 20:00:10+00:00,1.62993E+18,Listening to an interview with Tyson Furys wife and she's talking about how he stole her heart and I'm thinking is there nothing a gyppo won't pinch?,0,0,race
0,2023-02-27 13:33:38+00:00,1.6302E+18,@Rental_Wog ã†â€¦!ç†è§£åŠ›ç„¡ã„â€¦ğŸ’¦ã§ã‚‚æ£®å²¡è³¢ã•ã‚“å¬‰ã—ã„ğŸ¥°,0,0,race
1,2023-02-27 13:33:31+00:00,1.6302E+18,"#ç­‹ãƒˆãƒ¬å¢ã•ã‚“ã¨ç¹‹ãŒã‚ŠãŸã„  #ã‚¨ãƒ‹ã‚¿ã‚¤ãƒ ãƒ•ã‚£ãƒƒãƒˆãƒã‚¹ #å¦„æƒ³ 
æ­¤å‡¦è¿„ã®ã€Œã•ã¦ã‚¨ãƒ‹ã‚¿ã‚¤ãƒ ãƒ•ã‚£ãƒƒãƒˆãƒã‚¹ã«ä»Šæ—¥ã¯ã©ã†ã‚„ã£ã¦è¡Œã“ã†?-èº«ä½“ã®é›ãˆæ–¹ã§ã¯ç„¡ãã‚¹ãƒãƒ¼ãƒ„ã‚¸ãƒ ã¾ã§å¦‚ä½•ã‚„ã£ã¦è¡Œãã‹ã‚’å¦„æƒ³ã—ã¦ã¿ã¾ã—ãŸã€tweet çºã‚ã¯æ­¤æ–¹
https://t.co/yI2bW3bZ6g",0,0,race
0,2023-02-27 13:21:29+00:00,1.6302E+18,LAGI ANJING WTF https://t.co/dlIKVC1H35,0,0,race
1,2023-02-27 13:16:58+00:00,1.6302E+18,@90JustinAnthony @dolphinsnrl And have won 300 sanfl premierships,0,0,race
0,2023-02-27 13:33:28+00:00,1.6302E+18,"essa bicha nÃ£o cala a boca, incrÃ­vel",0,0,race
1,2023-02-27 13:33:22+00:00,1.6302E+18,"@KavitaTwoFifty @saumyavarsha @PoetryPragyas @kavorn2 @Kanchan_101 @impradeepgautam @Gypsy_rns @sudharun49 @water_doc86 @jagdish @AbidZaidi1 à¤¬à¤¹à¥à¤¤ à¤§à¤¨à¥à¤¯à¤µà¤¾à¤¦, à¤†à¤¬à¤¿à¤¦ à¤¸à¤°! à¤‡à¤¸ à¤¬à¤¾à¤° à¤•à¤¾ à¤¶à¥€à¤°à¥à¤·à¤• à¤¬à¤¹à¥à¤¤ à¤…à¤šà¥à¤›à¤¾ à¤²à¤—à¤¾! ğŸ™ğŸ¼ğŸ˜Š

à¤¸à¤­à¥€ à¤²à¥‡à¤–à¤•à¥‹à¤‚ à¤•à¥‹ à¤¬à¤§à¤¾à¤ˆ! ğŸ’ğŸ’",0,0,race
0,2023-02-27 13:33:02+00:00,1.6302E+18,@lindyli @jacks27_k Too bad she had to lie about it.,0,0,race
1,2023-02-27 13:33:01+00:00,1.6302E+18,@scarletredrari U tamil??????ğŸ˜­,0,0,race
0,2023-02-27 13:14:35+00:00,1.63019E+18,â€œShakespeare was bisexualâ€ is cute but â€œShakespeare was a secret Catholicâ€ is actually my personal fave. Of course he can be both papist and pillow-biter,0,0,race
1,2023-02-27 12:35:38+00:00,1.63018E+18,@KatB3nn3tt @Prolife_Sam Thatâ€™s literally not an abortion though,0,0,race
0,2023-02-27 13:33:44+00:00,1.6302E+18,@RepMTG Speak for yourself.,0,0,race
1,2023-02-27 13:33:12+00:00,1.6302E+18,"Original bill by the Idiot of Arkansas, starting salary for teachers would be $36K to $50K. How much to pay a particular teacher would be subjective evaluation of the teacher's work by the First Idiot's staff. Incorporating facts like political beliefs &amp; Christian or a heathen!",0,0,race
0,2023-02-27 13:30:53+00:00,1.6302E+18,"How do you claim you love God whom you have never met but hate your brothers &amp; neighbours whom you meet every day?
You are a hypocrite.
You are a heathen.
You are worse than an infidel.
Your spirit will roast in the fiercest embers of hell. 
HARAM!!",0,0,race
1,2023-02-27 13:29:09+00:00,1.6302E+18,"Imagine being kicked off of @Twitter, @facebook, @YouTube, @Snapchat or whatever other social media app you prefer, for even suggesting this 2 years ago! 
The difference between ""disinformation"" &amp; truth is roughly 12 to 24 months!

https://t.co/yCiFz3rcmo",1,0,race
0,2023-02-27 13:33:23+00:00,1.6302E+18,"to be concerned about external objectification/fetishization. 

However, this never, ever just stops at THEM.  Once these moral crusaders are done turning their mortar-gun mouths on the external, out-group enemy - in this case, the white dudes marrying Asian women - they'll come.",0,0,race
1,2023-02-27 13:33:18+00:00,1.6302E+18,@SNationalist91 *going*?,0,0,race
0,2023-02-27 13:33:46+00:00,1.6302E+18,@callodehacha CuÃ¡nto ganan por defender al gobierno? Pagan por quincena o por tweet?,0,0,race
1,2023-02-27 13:33:35+00:00,1.6302E+18,@ambienterd Â¿en quÃ© estÃ¡n con Valle Nuevo? Â¿Por quÃ© no informan sobre esa situaciÃ³n tan grave? Â¿Han podido controlar el incendio? Â¿QuÃ© se harÃ¡ para contrarrestar los daÃ±os e intentar equilibrar?,0,0,race
0,2023-02-27 13:34:22+00:00,1.6302E+18,Ğ¼Ğ°Ğ»Ñ‹Ñˆ Ğ¿Ğ¾Ğ¹Ğ´ĞµĞ¼ ĞºĞ¾ Ğ¼Ğ½Ğµ Ñ Ğ¿Ğ¾ĞºĞ°Ğ¶Ñƒ Ñ‚ĞµĞ±Ğµ ÑĞ²Ğ¾Ğ¸ Ğ½Ğ°Ñ…Ğ¾Ğ´ĞºĞ¸ Ğ¸Ğ· Ğ°Ñ€Ñ…ĞµĞ¾Ğ»Ğ¾Ğ³Ğ¸Ñ‡ĞµÑĞºĞ¸Ñ… Ñ€Ğ°ÑĞºĞ¾Ğ¿Ğ¾Ğº https://t.co/7f9a56nqEB,0,0,mental_health
1,2023-02-27 13:34:22+00:00,1.6302E+18,3 ingredients wildberries is oneğŸ¤ª https://t.co/Lg8ShA1MJn,0,0,mental_health
0,2023-02-27 13:34:17+00:00,1.6302E+18,@lunatic_baramu ã¨ã£ã¨ã¨ã‚¾ãƒ³ãƒ“åŒ–å‡ºæ¥ãŸã»ã†ãŒHAPPYï¼(ã™ãã„)ãªã®ãŒã‚¾ãƒ³ãƒ“ã‚‚ã®ã ã¨æ€ã£ã¦ãŸâ€¦â€¦,0,0,mental_health
1,2023-02-27 13:34:16+00:00,1.6302E+18,Yeah that seems about right https://t.co/RiTSQyYkbi,0,0,mental_health
0,2023-02-27 13:34:25+00:00,1.6302E+18,#michigan psycho,0,0,mental_health
1,2023-02-27 13:34:21+00:00,1.6302E+18,Ø¨ÙƒØ±Ø§ Ø¹Ù†Ø¯ÙŠ Ø§Ø®ØªØ¨Ø§Ø± ÙˆØ¬Ø§Ù„Ø³ Ø§Ø­Ø¬Ø² ØªØ°Ø§ÙƒØ± Ø§Ù„Ø§ØªØ­Ø§Ø¯ Ø¹Ù„Ù‰ Ø§Ù„Ø¹Ù…ÙˆÙ… ØªØ±Ù‚Ø¨ÙˆØ§ Ø¥Ù†ÙŠ Ø§Ø¬Ù„Ø¨ Ø§Ù„ÙÙˆØ² Ø§Ù„Ø¬Ù…Ø¹Ù‡,0,0,mental_health
0,2023-02-27 13:05:42+00:00,1.63019E+18,@jeremy_herrell @isabellarileyus @JoeBiden @KamalaHarris @MikeCrispiNJ @TalkMullins @AnnaPerezDC @Shawn_Farash @kevin_smith45 @UNITEAMERICAFI1 Nutjob,0,0,mental_health
1,2023-02-27 13:01:33+00:00,1.63019E+18,@isabellarileyus Nutjob,0,0,mental_health
0,2023-02-27 13:34:26+00:00,1.6302E+18,@knightsonichan you schizo dawg,0,0,mental_health
1,2023-02-27 13:33:59+00:00,1.6302E+18,@KnowUDidnt1 @DarnelSugarfoo Anecdata really gets you guys huh?,0,0,mental_health
0,2023-02-27 13:33:45+00:00,1.6302E+18,"@julius_m6nn @LoveU_b4thyUseU @AlexTTV_ @raphousetv2 No I blame the generation as a totality for this retarded mindset everyone canâ€™t be famous rappers,athletes,actors, and successful drug dealers we need honest workers too like doctors, lawyers, surgeons, and even teachers and these occupation get laughed atğŸ¤¦ğŸ¾â€â™‚ï¸",1,0,mental_health
1,2023-02-27 13:33:19+00:00,1.6302E+18,"You literally have to be retarded to look at ANY liberal run shithole American city and think to yourself ""wow this is great!""",0,0,mental_health
0,2023-02-27 13:30:43+00:00,1.6302E+18,@RidePATCO Hey patco I didnâ€™t know yâ€™all allowed people to stretch out over the handicapped seats and sleep ğŸ«£ğŸ™ˆğŸ‘€ https://t.co/DqJAnurXxX,0,0,health
1,2023-02-27 13:30:41+00:00,1.6302E+18,"@RobertLindsay treating certain humans as ""worthless"" was the Nazi attitude to the handicapped, Jews, gays, gypsies and JWs",0,0,health
0,2023-02-27 13:33:51+00:00,1.6302E+18,Do electric eels dream of automatic tweets?,0,0,health
1,2023-02-27 13:33:24+00:00,1.6302E+18,"@Dominos_UK I got this through my door.

Tried to order but it says code invalid.
Help appreciated. https://t.co/qmpXJUMyc3",0,0,health
0,2023-02-27 13:33:43+00:00,1.6302E+18,SEC's Gensler Reckons Every Crypto Except Bitcoin is a Security - Is he Going to Cripple the US  Industry? - by @Jamie_DeFi #Crypto https://t.co/ds0Wd9nSI2,0,0,health
1,2023-02-27 13:32:35+00:00,1.6302E+18,Lmao iyouth endala thatâ€™s struggling with bills will cripple u with problems u donâ€™t even haveğŸ˜…ğŸ˜‚,0,0,health
0,2023-02-27 13:33:36+00:00,1.6302E+18,Why all I see is a midget ğŸ˜­ğŸ˜‚,0,0,health
1,2023-02-27 13:33:24+00:00,1.6302E+18,ãƒŸã‚¼ãƒƒãƒˆåˆä»£ã¯æ—¥æœ¬æœ€å¾Œã®ã‚ªãƒ¼ãƒˆä¸‰è¼ªã«ãªã‚Šã¾ã—ãŸ,0,0,health
0,2023-02-27 13:33:57+00:00,1.6302E+18,"@Nagane_dwarf ã‚ã–ã™ã‚ã–ã™è‡ªå·±è‚¯å®šæ„Ÿä¸ŠãŒã‚‹
ã¦ã‹ç”Ÿãã¦ã‚‹ã ã‘ã§ãˆã‚‰ã„ã£ã¦ã‚ã‚Œã‚¬ãƒã ã‚ã£ã¦ç—›æ„Ÿã—ãŸ",0,0,health
1,2023-02-27 13:33:14+00:00,1.6302E+18,@PBOTransmission If the admiral says so then it must be so!,1,0,health
0,2023-02-27 13:34:01+00:00,1.6302E+18,@BobbySkinner_ You know what weâ€™re going to get is schoen talking to Anthony Richardson and giants twitter implodes,0,0,health
1,2023-02-27 13:34:00+00:00,1.6302E+18,"Secret, giant, dark light!!",0,0,health
0,2023-02-27 13:33:41+00:00,1.6302E+18,"@DoctorJack16 True but for every bodybuilder who can ignore BMI there are 99 obese people comforting themselves that â€œBMI is unreliableâ€.  For those who are apparently overweight, itâ€™s a fair estimate of the degree of their condition.",0,0,health
1,2023-02-27 13:32:26+00:00,1.6302E+18,Obese,0,0,health
0,2023-02-27 13:31:43+00:00,1.6302E+18,anorexic tomata,0,0,health
1,2023-02-27 13:30:08+00:00,1.6302E+18,@YutazenOfEdtwt no i get it iâ€™d also rather be like fully anorexic then just â€œalmostâ€,0,0,health
0,2023-02-27 13:32:20+00:00,1.6302E+18,"replaying the gory scene incessantly, forgot the safe word was imaginary, forgot about my poor selective memory. feeling like a fat kid at the beach who's still weighing, the pros and cons of weak bulimic teeth.",0,0,health
1,2023-02-27 13:29:34+00:00,1.6302E+18,@Clou3TH glitter,1,0,health
0,2023-02-27 13:28:03+00:00,1.6302E+18,"Addiction is really crazy. Grown ass adults standing outside while it's brick asf. Wind blowing hard as shit. Just so they can suck on a cancer stick. 
Big tobacco won.",0,0,health
1,2023-02-27 12:02:24+00:00,1.63018E+18,"Dead animals, rotting corpses, rusty sunken planes and ships, toxic chemicals, gas spills, oil spills, god knows how many tonnes of piss and shit, to name but a few, but youâ€™re out here with a stick up your arse about PERIOD BLOOD. Fucking hell get a grip thatâ€™s pathetic",5,0,health
0,2023-02-27 13:33:33+00:00,1.6302E+18,"The blind has seen shege

The crippled has run more than their shadows 

The dumb can not speak what the deaf heard.

I wonder what will happen to those with their body complete

Irony of life ğŸ¤¦â€â™‚ï¸ https://t.co/4EzXZ1e1GE",0,0,health
1,2023-02-27 13:30:31+00:00,1.6302E+18,@Harvey77865 We arnt even created equal. Some are born blind and crippled,0,0,health
0,2023-02-27 13:29:32+00:00,1.6302E+18,@Apoloesfebo @silverionr Los adultos https://t.co/65yPUegE3P,0,0,health
1,2023-02-27 13:27:37+00:00,1.6302E+18,@Nickyp25587621P @LarryAndress2 the thief was spastic unable to control his energy it was humorous he nearly whooped his own asz.,1,0,health
0,2023-02-27 13:30:02+00:00,1.6302E+18,"Na the blood of those 10 virgins go be him nemesis. 

We have sacrificed a lot; poor healthcare, epileptic power, bad road, insecurities and killings. For the past 8yrs this has been our sacrifice. 

I ""Kanayo"" no gree leave the seat, e go chop him head. That will be his reality.",0,0,health
1,2023-02-27 13:25:49+00:00,1.6302E+18,"This Seminar in Epileptology addresses how to recognize and manage the special needs of people with epilepsy and neurodevelopmental disorders. 
DOI: https://t.co/MuTJ5RAwwX @EpiDisorders @FarnazSinaei @RoohiKatyal @fabnascimen @SBeniczky @WileyNeuro @WileyHealth @IlaeWeb https://t.co/xpJaNyxchr",3,0,health
0,2023-02-27 13:34:09+00:00,1.6302E+18,"Ngl, if I was an artist but I never went viral coz my music Iâ€™d be goin insane. You enjoy the shit tho, I hope the free promo doing something for you",0,0,mental_health
1,2023-02-27 13:34:06+00:00,1.6302E+18,"@njbtweet @Wallisbadgerson @WeRone777 @ozzorro1 @aSinister @glinch72 @4Clearsky @AbbeyRae5 @peblackstock @toddynd @Spencerfletch0 @Ecotainment_YT @Stephen90045069 @Michael71718318 @ZombiePiano @ejwwest @Moderna5G_666 @nxgrs73 @MikeDel21893959 @twit4thot @Robert76907841 @Vulcan_hobo @JJJungleJim @TomWhatsoeverB @WernerReinhard5 @Veritatem2021 @JR4_Truth @benmooreau @BernaB_2013 @choosefreedomf1 @goingglocal @DocSnow1 @Roadshow11235 @CDMarshall7 @insane_voice @Lo_VVriter @ALefty123 @realJohnJHoward @USNA_73 @markinkorea @talipes @mac_an_ghoill @cbeckj @Frankd06830 @LesterDent @AlexVickeryHowe @RstrixxX @berry_hardman @FLastrade An interesting presentation on the minerals needed for 1 generation of renewable energy to transition from fossil fuels.
https://t.co/CgpOq6YDb9",0,0,mental_health
0,2023-02-27 13:34:12+00:00,1.6302E+18,@ClownWorld_ Mad about the food ğŸ˜’,0,0,mental_health
1,2023-02-27 13:34:11+00:00,1.6302E+18,"@TheNorthWarrior @Obinna_mani @Waspapping_ Maybe you didn't hear the part he said ""you are mad""",0,0,mental_health
0,2023-02-27 13:31:42+00:00,1.6302E+18,"@MagicFlyNPotato @YouTube I mean, I spent all of Saturday's stream with you too, I just wasn't as active - doing things around the house while listening. Hopefully, in this next update, we'll get locks for the doors. That ambush was insane!",0,0,mental_health
1,2023-02-27 13:29:25+00:00,1.6302E+18,Would You Hand Out Firearms in an Insane Asylum? | Nature's Real Health https://t.co/iFefBwEHsI,0,0,mental_health
0,2023-02-27 12:07:25+00:00,1.63018E+18,"ã€è§£ç¦ã€‘

2023.03.05(Sun) @å¿ƒæ–æ©‹BRONZE

""ã‚ã‹ã¡ã‚“Night vol.2""

Open 17:00 / Start 17:30
Adv Â¥2,500 

-Cast-
GIZMO
Left
Smash up
jammed loony bin
All I Clacks
ã•ã‹ã„ã‹ã® https://t.co/qE1lhdRHFO",6,2,mental_health
1,2023-02-27 12:00:14+00:00,1.63018E+18,"ã€è¿½åŠ !!ã€‘
3/5(æ—¥)å¤§é˜ª å¿ƒæ–æ©‹BRONZE
æ—¬é­šé›†äººã‚ã‹ã¡ã‚‡ã†ã¡ã‚“ã‚ªãƒ¼ãƒ—ãƒ³2å‘¨å¹´è¨˜å¿µ
â€œã‚ã‹ã¡ã‚“Night vol.2â€

GIZMO
Smash up
jammed loony bin
All I Clacks
ã•ã‹ã„ã‹ã®â†new!!
Left

é–‹å ´17:00/é–‹æ¼”17:30
å‰å£²ã‚ŠÂ¥2,500 +1D

ãƒã‚±ãƒƒãƒˆäºˆç´„å—ä»˜ä¸­!!
https://t.co/YvML14m6De
é£²ã¿ã¾ãã‚Šã¾ã—ã‚‡ã†!! https://t.co/QuZxDWBHOO",5,4,mental_health
0,2023-02-27 13:28:38+00:00,1.6302E+18,"Inviting a hun to your house for a tinder meet up is nuts ğŸ˜‚ğŸ˜‚ğŸ˜‚
I don't know who's crazier between him and her for going through with it ğŸ˜­",0,0,mental_health
1,2023-02-27 13:27:45+00:00,1.6302E+18,Hitting #9 on charts in Brazil House music is nuts!!!!! I love Brazil so much. Obrigada â¤ï¸,3,0,mental_health
0,2023-02-27 13:09:28+00:00,1.63019E+18,ğŸ˜‚,1,1,mental_health
1,2023-02-27 11:00:09+00:00,1.63016E+18,"#msnbc #JackSmith #Morningjoe #ThatFormerFreak #FoxNews #FoxBusiness #cnbc #Bloomberg #CBS 
Jack Smith is coming to take you away aha.
He's coming to take you away hoho.
Too the funny farm
ğŸ¶... https://t.co/6VQhlyJZev",0,0,mental_health
0,2023-02-27 12:40:06+00:00,1.63019E+18,"[ê³µë¶€ë°©4ê¸°] 2ì£¼ 1ì¼ì°¨ ë¦¬ìŠ¤í¬ ê´€ë¦¬ë€?  4ê°€ì§€ ë¦¬ìŠ¤í¬ ê´€ë¦¬ ê³„íš ë°©ë²•

1.ì—¬ìœ³ëˆìœ¼ë¡œ íˆ¬ìí•œë‹¤
2.ì „ë¬¸ê°€ì˜ ë„ì›€ì„ ë°›ëŠ”ë‹¤
3.ë¦¬ìŠ¤í¬ê°€ í° íˆ¬ìë¥¼ í•˜ì§€ì•ŠëŠ”ë‹¤
4.í¬íŠ¸í´ë¦¬ì˜¤ ë‹¤ê°í™”ë¥¼ í•œë‹¤

#ëˆë³µë‚¨ #ëˆê°„ì§€ #ê³µë¶€ë°©4ê¸°",0,0,mental_health
1,2023-02-27 12:25:47+00:00,1.63018E+18,Metallica    -     Sanitarium,0,0,mental_health
0,2023-02-27 11:49:13+00:00,1.63017E+18,@ClownWorld_ Time for a little stay in the booby hatch.,0,0,mental_health
1,2023-02-27 09:53:00+00:00,1.63014E+18,@Bob23870471 @penny_rietveld @Real_RobN The booby hatch.,0,0,mental_health
0,2023-02-27 11:01:24+00:00,1.63016E+18,"@sophiadahl1 If this was a random member of public uttering this, they would be taken away to the rubber room. Why is this evil any different???",0,0,mental_health
1,2023-02-27 08:51:00+00:00,1.63013E+18,This bloke belongs in the rubber room lol,3,0,mental_health
0,2023-02-27 10:03:58+00:00,1.63015E+18,"@CuteKitastrophe Hella cool electric guitars (or guitar parts in general)
A King Gizzard Vinyl
Just a straightjacket
Pwushie

Have I hit the limit? ğŸ˜›",1,0,mental_health
1,2023-02-27 08:40:41+00:00,1.63013E+18,"Try this on, straightjacket feeling",0,0,mental_health
0,2023-02-27 13:21:06+00:00,1.6302E+18,These people are truly deranged and mentally ill.  QAnon is a hellava drug.   These people should be in straight jackets in a mental institution.,0,0,mental_health
1,2023-02-27 13:16:22+00:00,1.6302E+18,@adinross I canâ€™t believe you stated facts ğŸ˜‚ğŸ˜‚ğŸ˜‚ most of these people that push other genders should be in a mental institution,0,0,mental_health
0,2023-02-27 13:33:52+00:00,1.6302E+18,@chloedacherry Gonna try this next time my mom tries to send me to a mental hospital,0,0,mental_health
1,2023-02-27 13:25:37+00:00,1.6302E+18,@eldritchenchant This is tame compared to a rated M fic (sadly incomplete) where Roland sent Sofia to a mental hospital because she couldnâ€™t get over Cedric being gone and being there had her screwed up when she got older.,1,0,mental_health
0,2023-02-27 13:23:44+00:00,1.6302E+18,"à¤¹à¥ƒà¤¦à¤¿ à¤•à¥ƒà¤¤à¥à¤µà¤¾ à¤¸ à¤¬à¤¹à¥à¤¶à¤ƒ à¤¤à¤®à¥ à¤…à¤²à¤‚à¤•à¤¾à¤°à¤®à¥ à¤‰à¤¤à¥à¤¤à¤®à¤®à¥ |
à¤¨à¤¿à¤¶à¤¶à¥à¤µà¤¾à¤¸ à¤­à¥ƒà¤¶à¤®à¥ à¤¸à¤°à¥à¤ªà¤ƒ à¤¬à¤¿à¤²à¤¸à¥à¤¥ à¤‡à¤µ à¤°à¥‹à¤·à¤¿à¤¤à¤ƒ |

The more he hugged those best decorative ornaments close to his heart, the more he hissed like a wrathful serpent in a snake pit.+",0,0,mental_health
1,2023-02-27 13:00:52+00:00,1.63019E+18,Snake Bytes 2/27: These Games Donâ€™t Count https://t.co/WU6S7LynI2 https://t.co/wZfFs1Z9sq,0,0,mental_health
0,2023-02-27 13:34:42+00:00,1.6302E+18,"Quit playing victm, you think you're the only one that's got a bad fucking life? When i was dawn depressed broken who the fuck picked me up i fucking did me and i led the fucking way!",0,0,mental_health
1,2023-02-27 13:34:38+00:00,1.6302E+18,"@AHD_145200 Ø§Ù†Ø§ Ø­Ø¶Ø±Øª Ø¹Ø´Ø§Ù† Ø¹Ù†Ø¯ÙŠ Ø±ÙˆØ§Ù†Ø¯ ØªØ±ÙˆØ¨ÙŠÙƒØ§Ù„ Ø¨Ø³ Ø¹Ø§Ø¯ÙŠ ØªØ±ÙˆØ­ ØªØ­Ø¶Ø± Ù„ØºØ§ÙŠØ© Ø§Ù„Ø³Ø§Ø¹Ø© Ø®Ù…Ø³Ø© Ù„Ùˆ Ø§Ù†ØªØ§ Ø·Ø§Ù„Ø¨ Ø¹Ø§Ø¯ÙŠ
Ø§Ù„Ø­Ø§Ù„Ø§Øª Ø§Ù†ØªØ§ ÙˆÙ†ØµÙŠØ¨Ùƒ Ø¨Ø³ Ø§ØºÙ„Ø¨Ù‡Ø§ liver cirrhosis",0,0,mental_health
0,2023-02-27 13:34:38+00:00,1.6302E+18,"Almost everyone is experiencing this post-election panic. We are all anxious of who the champion will be. Letâ€™s try to be at peace with the world and ourselves and hope for the best.ğŸ¤

#ElectionResults #ElectionDay2023 #election #electionresults2023 #hope",0,0,mental_health
1,2023-02-27 13:34:37+00:00,1.6302E+18,"@PastelDawg I was too shy and anxious to tell you how much I love your work and universe when you came by my booth at the dd but well, no I can : ğŸ’•ğŸ’•ğŸ’•ğŸ’•ğŸ’•ğŸ”¥ğŸ”¥ğŸ”¥ğŸ”¥",0,0,mental_health
0,2023-02-27 13:34:36+00:00,1.6302E+18,No se si se estÃ¡ haciendo el difÃ­cil o es bipolar,0,0,mental_health
1,2023-02-27 13:34:35+00:00,1.6302E+18,Release the song!,0,0,mental_health
0,2023-02-27 13:34:34+00:00,1.6302E+18,@RLee19783678 @Trish_NI That's what I thought.ğŸ‘ğŸ»ğŸ”¥ğŸ¯,0,0,mental_health
1,2023-02-27 13:34:22+00:00,1.6302E+18,Ã© sÃ³ entrar no hospital que eu automaticamente acho que tava doida e nÃ£o tÃ´ sentindo nada.,0,0,mental_health
0,2023-02-27 13:33:04+00:00,1.6302E+18,THE VOICES ARE SCREAMING THE VOICES ARE SCREAMING THE VOICES ARE SCREAMING THE VOICES ARE SCREAMING THE VOICES ARE SCREAMING THE VOICES ARE SCREAMING THE VOICES ARE SCREAMING THE VOICES ARE SCREAMING https://t.co/BYJHybVIiL,0,0,mental_health
1,2023-02-27 13:32:24+00:00,1.6302E+18,Really about the unfortunate part I don't try to act like a schizophrenic mockingbird on purpose.,0,0,mental_health
0,2023-02-27 13:34:27+00:00,1.6302E+18,"Is this even ""Journalism""? @Telegraph This illustration is borderline racist. #China #russia https://t.co/06OnlEynEf",0,0,mental_health
1,2023-02-27 13:34:22+00:00,1.6302E+18,"@odow0596 @ACTBrigitte Biden is NOT responsible for the price of milk in France, of bacon in Australia or oil in Spain... How can you even think for 1 second that Biden is responsible for the inflation and shortages affecting billions of people worldwide... This is borderline insane.",0,0,mental_health
0,2023-02-27 13:34:11+00:00,1.6302E+18,@ladbible What a pair of narcissistic  talent free knobends!,0,0,mental_health
1,2023-02-27 13:34:10+00:00,1.6302E+18,It isn't the story of a genius criminal! It's the story of a narcissistic asshole who thinks he's smarter than everyone around him!,0,0,mental_health
0,2023-02-27 13:34:42+00:00,1.6302E+18,Pq q meus pais me fizeram um bichinho antisocial,0,0,mental_health
1,2023-02-27 13:34:33+00:00,1.6302E+18,"Eu, mÃ£e preciso de 6,26$ e ela me mandando 10$ kkkkkkkkk amo isso",0,0,mental_health
0,2023-02-27 13:34:40+00:00,1.6302E+18,"@Mondonosuke4 ğŸ€*ï½¥ã¯ğŸ”´ã•ã‚“æ¨ã—ã ã‘ã©ã€è¡Œãã®ã¯ğŸ“ğŸ‘‘ã®ãƒ©ã‚¤ãƒ–ã§ã€ä½•è‰²ã®äººãªã®ã‹ã‚ˆãçŸ¥ã‚‰ãªã„ã‚“ã ã‘ã©ã‚‚ã€ã¾ãã€ã€ã€è‡ªåˆ†ã§ä½•ã¨ã‹ã™ã‚‹ã§ã—ã‚‡ã†w ğŸ€*ï½¥ã®ãƒšãƒ³ãƒ©è²·ã£ãŸã‹ã‚‰ã¡ã‚‡ã†ã©ã„ã„ã‚„ã€œã£ã¦æ€ã£ã¦ãŸã®ã«ğŸ˜…ã‚ã¦ãŒå¤–ã‚ŒãŸã‚ˆã€‚
ã‚†ã‹ã¡ã‚ƒã‚“ã€ã‚ã‚ŠãŒã¨ã†ã­(*Â´âˆ€ï½€*)â™¡",0,0,mental_health
1,2023-02-27 13:33:52+00:00,1.6302E+18,"@hidemind_ocd ã‚†ã„ã¡ã‚ƒã‚“ã‚ã‚ŠãŒã¨ã†ã€œâ™¡
ã»ã‚“ã¨ã«ï¼ã¾ãŸä¼šã£ã¦ãŠã—ã‚ƒã¹ã‚Šã—ãŸã„ğŸ¥°
ã„ã„å¹´ã«ã§ãã‚‹ã‚ˆã†ã«ãŒã‚“ã°ã‚Šã¾ã™âœŠğŸ»ğŸ¤",0,0,mental_health
0,2023-02-27 13:34:42+00:00,1.6302E+18,"@D6HfO5PBPMGV9kz ãªã‚“ã¨ã€ç„¡è²¬ä»»ã§ã„ã„åŠ æ¸›ãªåŒ»è€…ã§ã™ã­â—ï¸
ãã‚Œã§ã€ã‚ˆãç²¾ç¥ç§‘åŒ»ã‚’ã‚„ã£ã¦ã¾ã™ã‚ˆã­ï¼
PTSDã‚’çŸ¥ã‚‰ãªã„ï¼Ÿ
ã‚ã‚Šå¾—ãªã„ã§ã™ã­ï¼

ãƒãƒã•ã‚“ã€è‰²ã€…å¤§å¤‰ã§ã™ãŒã€å¥½ããªéŸ³æ¥½ã€ãŠé…’ã§æ¥½ã—ã‚€æ¯æ—¥ã‚’ç„¡ç†ã›ãšé€ã£ã¦ä¸‹ã•ã„ã­ğŸ’ğŸ’ğŸ’",0,0,mental_health
1,2023-02-27 13:34:41+00:00,1.6302E+18,Kak Long baru nak beli takaful. Dah berumur begini dengan ada penyakit sedia ada. Memang macam2 ujian kena tempuh. Tapi kena lah ada juga. Sebabnya ko kerja pun mengadap benda2 begini. Memang boleh PTSD jadinya. Tinggal satu lagi ujian lepas tu tunggu keputusan.,0,0,mental_health
0,2023-02-27 13:34:43+00:00,1.6302E+18,@Jason93East no there's another adhd group based in s*ngai p*tani (the founder). i didn't know how to get the diagnosis so ofc I inquire him for assistance. the moment i asked about meds i got kicked out from the group and personally blocked by him.,0,0,mental_health
1,2023-02-27 13:34:35+00:00,1.6302E+18,@l_L0VE_ADHD æ™®é€šã®ãƒŸãƒ«ã‚¯ãƒ†ã‚£ãƒ¼é£²ã‚ã‚ˆw,0,0,mental_health
0,2023-02-27 13:34:46+00:00,1.6302E+18,"@mohammed_hijab @DouglasKMurray An accident by an autistic childâ€¦ Harmony, respect and Islam shouldnâ€™t really be in the same sentence for some Islamic followers.",0,0,mental_health
1,2023-02-27 13:34:40+00:00,1.6302E+18,@UpliftingVids I had no idea lion's can do the doggy paddle.,0,0,mental_health
0,2023-02-27 13:34:46+00:00,1.6302E+18,Davos group a bunch a stupid evil people. The SICKIES AKA SOCIOPATH,0,0,mental_health
1,2023-02-27 13:33:37+00:00,1.6302E+18,They ate true SICKIES AKA SOCIOPATHs with an IQ OF MAYBE 20.,0,0,mental_health
0,2023-02-27 13:33:56+00:00,1.6302E+18,"@EwonSprokler @bigbert81 @ken_caudle @thesejustwords @FooleryT @BuzzedEdwin @thefebuster @forthemasses @Grizzified2 @umfpt @Anti_Psychopath @DreadPirateDavy @RealAceFox1 @philwetherick @hombreingles @JMichaelsonUT @ThatGuyM88 @sly_sparkane @badibulgator @wiguy45 @wired_dave @Albert_Paradine @KitemanArgues @Fragaphobia_ @theGuffa @surfpurzel @manteo44 @tactical2cat @amandabakermas1 @CugaltheClever @laughchem @Marqu3s_De_Sade @HansBackhaus22 @flatearthexpert @Jim_Cornelius @Tobga_ @GreenNorm @SolarElectrics @Ophiuchus901 @Dwyertd @dripsince @Brian314159265 @MattMurdock_77 @Lad10124 @bikinatroll @GracieCoxv Where does science â€œsayâ€ that?

I predict you will resort to a strawman argument again. Because heaven forbid that a flat earther should be honest for a change.",0,0,mental_health
1,2023-02-27 13:32:09+00:00,1.6302E+18,Our Girls recruit others to rescue them or complete a task asserting emotion urgency and acting under color of law ? Corrupt Incompetent Immature Psychopath Borderline Personality Disorder*Why didn't you apply for phone warrant in 2013 Where's Investigation &amp; Action Report?,0,0,mental_health
0,2023-02-27 13:33:11+00:00,1.6302E+18,@BehizyTweets Just because someone is a former prosecutor doesnâ€™t mean they arenâ€™t crazy. This is from Clements twitter feed. Any credible person wouldnâ€™t be pushing this crap. https://t.co/0XdGoxQtCq,0,0,mental_health
1,2023-02-27 13:32:17+00:00,1.6302E+18,@pinkslightning @ChloeBailey Crazy to me how humans like you say stuff like that when nobody in this world is perfect. Y'all are HUMANS too. Y'all should remember that!!! You aren't perfect and you've made mistakes in the past too. How is he supposed to grow as a person if y'all don't forgive him smhğŸ’€ğŸ¤¦,0,0,mental_health
0,2023-02-27 13:33:26+00:00,1.6302E+18,"@AmazonHelp @Scorbunns Amazon has insane amounts of statistics. An anecdotal experience is not going to change an already known issue. Your company's policies are a joke. If I was an employee, like yourself, I would be helping out every person who has a shared economic and working class existence.",0,0,mental_health
1,2023-02-27 13:30:47+00:00,1.6302E+18,"@TheRealOmgItsGB @rdubadub76 @JayCartere @ClownWorld_ Sure people can post fake stories, pretend that they are trans and got all the surgery and stuff. Insane a post on here Iâ€™d rather not try to quote it but the person claimed to be regretful of doing it citing that the doctor didnâ€™t tell them about all the things that could happen",0,0,mental_health
0,2023-02-27 13:18:43+00:00,1.6302E+18,"Seriously looney tunes &amp; scary (actually like a demon walking the earth).
Why would any sane person listen to this lunatic,never mind give him your hard earned cash- quite bonkers?",0,0,mental_health
1,2023-02-27 12:11:34+00:00,1.63018E+18,"JUNO: The hell kind of a person do you think I am, Khan? Some lunatic comes in off the street and you just assume sheâ€™s with me? RITA: (DISTANT, MOUTH FULL) Boss! Hey, boss!",0,0,mental_health
0,2023-02-27 13:31:37+00:00,1.6302E+18,"@doubterofvibes @XXWAGAGANG @OliLondonTV I don't want my organs perpetuating a cycle of mental illness. You can't affirm anorexia and you can't affirm gender dysphoria, both need mental health professionals.  It's too bad that organ donation went from saving cardiac/liver transplant patients to pure cosmetic options.",0,0,mental_health
1,2023-02-27 13:31:25+00:00,1.6302E+18,"Betul, I used to be so hard on myself until I realised how bad it affects my mental health. I am still leaning to be considerate and a little bit more patient towards myself. Habits dies hard, but I'll get there someday",0,0,mental_health
0,2023-02-27 13:34:54+00:00,1.6302E+18,Gravediggaz feat. Killah Priest &amp; Shabazz The Disciple  - Diary Of A Madman https://t.co/1oUoQ90aVX via @YouTube,0,0,mental_health
1,2023-02-27 13:34:36+00:00,1.6302E+18,@AuthorADJ @rum_madman I definitely thought you were talking about something else LOL,0,0,mental_health
0,2023-02-27 13:33:19+00:00,1.6302E+18,@JohnHam96272459 @DrCIKingdom John Hammond 97378374829383 have YOU taught in a classroom!? Because it seems like you have no clue what youâ€™re talking about.,0,0,mental_health
1,2023-02-27 13:30:36+00:00,1.6302E+18,"When you call out the racism and the tactics used, gaslight happens.   Black people are expected to remain calm at all times.  Why?",0,0,mental_health
0,2023-02-27 13:33:54+00:00,1.6302E+18,"ğŸ˜‚  Pa nigde ne zurimo, indeed.",1,0,mental_health
1,2023-02-27 13:32:42+00:00,1.6302E+18,Shit crazy it was snowing in Vegas last week when I was there . Palm trees and snow donâ€™t look right together ğŸ˜‚,0,0,mental_health
0,2023-02-27 13:34:37+00:00,1.6302E+18,@RealJoseph123 I totally forgot about this guy!!,0,0,mental_health
1,2023-02-27 13:34:00+00:00,1.6302E+18,"Maddy rebrand go crazy! She hated all her friends, lied about a guy r*ping her, yelled at cassie calling her a crackhead because she told her to report nates abuse like thereâ€™s nothing nice about herğŸ˜­",0,0,mental_health
0,2023-02-27 13:32:31+00:00,1.6302E+18,"@Mario___RM Pq decÃ­s q roncero es gafe, desde q lo conozco tipo 2012 siempre ha dicho q el Madrid gana la champions y lo ha hecho en 5 veces",0,0,mental_health
1,2023-02-27 13:13:04+00:00,1.63019E+18,"@MichellesDude @MaryjaneMjmalin @ericareport Alpha make in GOP worldâ€¦.

#PsychoKiller",1,0,mental_health
0,2023-02-27 13:35:01+00:00,1.6302E+18,@westjett1 @adinross My life isnâ€™t affected by losing my job because a mentally ill maniac karenâ€™s HR into firing me over a misgenderingâ€¦,0,0,mental_health
1,2023-02-27 13:34:51+00:00,1.6302E+18,@JeyaR6S Meeee,0,0,mental_health
0,2023-02-27 13:16:59+00:00,1.6302E+18,This is my answer to those simpletons who reply to people upset about the balloon with the comment â€œwait until you learn about satellitesâ€,0,0,mental_health
1,2023-02-27 13:15:44+00:00,1.63019E+18,RED RIDER - LUNATIC FRINGE https://t.co/9D7nDzUzKu,0,0,mental_health
